transaction_id,transaction_date,client_id,category,status,amount
TXN-000001,2026-03-23,Client_1002,E-commerce,success,2524.43
TXN-000002,2026-01-18,Client_1002,Retail,success,4277.03
TXN-000003,2026-01-04,Client_1002,Bills Payment,success,6059.99
TXN-000004,2026-03-13,Client_1004,Retail,success,4547.17
TXN-000005,2026-02-05,Client_1001,Bills Payment,success,3468.48
TXN-000006,2026-01-20,Client_1004,Bank Transfer,success,3861.28
TXN-000007,2026-02-15,Client_1006,Retail,success,530.16
TXN-000008,2026-02-28,Client_1009,E-commerce,refunded,3847.49
TXN-000009,2026-03-12,Client_1005,Retail,failed,3680.19
TXN-000010,2026-01-25,Client_1002,E-commerce,success,7753.38
TXN-000011,2026-01-11,Client_1004,E-commerce,success,4588.76
TXN-000012,2026-04-17,Client_1006,Bills Payment,success,2174.12
TXN-000013,2026-02-04,Client_1002,Retail,success,5387.98
TXN-000014,2026-02-01,Client_1003,Subscription,success,9896.28
TXN-000015,2026-03-23,Client_1009,Bills Payment,success,8444.23
TXN-000016,2026-04-10,Client_1001,Bills Payment,success,8069.95
TXN-000017,2026-02-21,Client_1005,E-commerce,success,9434.81
TXN-000018,2026-04-23,Client_1006,Bills Payment,success,4016.76
TXN-000019,2026-04-28,Client_1008,Bills Payment,success,2541.61
TXN-000020,2026-03-13,Client_1009,Bank Transfer,success,4341.49
TXN-000021,2026-03-16,Client_1007,Bank Transfer,success,9975.62
TXN-000022,2026-03-07,Client_1008,E-commerce,success,8624.92
TXN-000023,2026-01-20,Client_1003,Subscription,success,3909.2
TXN-000024,2026-03-18,Client_1008,Retail,success,5576.94
TXN-000025,2026-01-02,Client_1002,Retail,success,7709.13
TXN-000026,2026-02-13,Client_1002,Bank Transfer,success,4591.86
TXN-000027,2026-04-03,Client_1005,Retail,success,5126.05
TXN-000028,2026-01-14,Client_1005,Retail,success,1613.11
TXN-000029,2026-04-08,Client_1003,Retail,failed,9232.1
TXN-000030,2026-04-28,Client_1001,Retail,success,292.82
TXN-000031,2026-04-29,Client_1006,Bank Transfer,success,2484.63
TXN-000032,2026-03-14,Client_1002,E-commerce,success,8178.63
TXN-000033,2026-04-08,Client_1009,Bills Payment,success,4805.3
TXN-000034,2026-03-12,Client_1003,Bank Transfer,success,6105.28
TXN-000035,2026-01-28,Client_1009,Bills Payment,success,4050.02
TXN-000036,2026-03-27,Client_1006,Subscription,failed,4569.71
TXN-000037,2026-02-01,Client_1004,E-commerce,success,5924.26
TXN-000038,2026-01-30,Client_1010,Bills Payment,success,7107.63
TXN-000039,2026-01-08,Client_1004,E-commerce,failed,8610.39
TXN-000040,2026-01-10,Client_1009,Bills Payment,success,4905.6
TXN-000041,2026-03-11,Client_1003,Retail,success,2505.67
TXN-000042,2026-03-02,Client_1007,Bills Payment,success,6623.93
TXN-000043,2026-02-15,Client_1007,Subscription,success,7317.85
TXN-000044,2026-03-28,Client_1002,E-commerce,success,3459.1
TXN-000045,2026-04-21,Client_1002,Bills Payment,success,5409.23
TXN-000046,2026-01-18,Client_1007,Bills Payment,success,2573.08
TXN-000047,2026-04-29,Client_1002,Subscription,success,8574.07
TXN-000048,2026-01-13,Client_1001,Retail,success,9693.06
TXN-000049,2026-04-29,Client_1004,Bills Payment,success,4865.45
TXN-000050,2026-04-21,Client_1007,E-commerce,success,121.34
TXN-000051,2026-02-19,Client_1005,Subscription,success,6996.26
TXN-000052,2026-04-04,Client_1009,Subscription,success,3037.41
TXN-000053,2026-01-08,Client_1010,Retail,success,3204.69
TXN-000054,2026-01-07,Client_1010,Subscription,success,8541.93
TXN-000055,2026-01-21,Client_1001,Retail,success,1939.67
TXN-000056,2026-03-18,Client_1002,Bills Payment,success,9421.8
TXN-000057,2026-03-14,Client_1004,Retail,success,6231.88
TXN-000058,2026-02-23,Client_1010,Retail,success,9353.59
TXN-000059,2026-01-27,Client_1006,Bills Payment,success,1395.69
TXN-000060,2026-03-24,Client_1005,Subscription,success,7543.46
TXN-000061,2026-01-10,Client_1001,Subscription,success,5673.64
TXN-000062,2026-01-13,Client_1002,Retail,success,2725.48
TXN-000063,2026-04-30,Client_1006,E-commerce,success,3758.32
TXN-000064,2026-01-21,Client_1008,Retail,success,6155.61
TXN-000065,2026-04-14,Client_1009,E-commerce,success,5590.56
TXN-000066,2026-04-30,Client_1002,Bills Payment,success,8908.16
TXN-000067,2026-04-06,Client_1009,Bills Payment,success,6087.82
TXN-000068,2026-04-02,Client_1006,Bills Payment,success,8543.84
TXN-000069,2026-03-06,Client_1008,Bank Transfer,failed,8476.43
TXN-000070,2026-01-12,Client_1007,Bank Transfer,success,3402.21
TXN-000071,2026-01-17,Client_1005,Bills Payment,success,5561.64
TXN-000072,2026-02-24,Client_1009,E-commerce,success,9456.0
TXN-000073,2026-03-30,Client_1003,Retail,success,3755.24
TXN-000074,2026-03-12,Client_1003,Subscription,success,3151.76
TXN-000075,2026-04-26,Client_1001,Bank Transfer,success,2570.34
TXN-000076,2026-01-14,Client_1006,Retail,failed,4123.14
TXN-000077,2026-03-21,Client_1003,Bills Payment,success,9764.44
TXN-000078,2026-04-14,Client_1003,Subscription,success,7391.99
TXN-000079,2026-02-12,Client_1007,Bills Payment,success,7895.01
TXN-000080,2026-01-14,Client_1007,E-commerce,success,2302.09
TXN-000081,2026-04-15,Client_1008,Bank Transfer,success,7973.92
TXN-000082,2026-01-30,Client_1004,E-commerce,success,4044.81
TXN-000083,2026-02-05,Client_1002,Bank Transfer,success,5143.12
TXN-000084,2026-03-28,Client_1009,Bank Transfer,failed,1241.88
TXN-000085,2026-02-03,Client_1003,Retail,refunded,2728.12
TXN-000086,2026-01-14,Client_1010,Subscription,success,7885.64
TXN-000087,2026-02-25,Client_1010,Retail,success,9005.1
TXN-000088,2026-01-25,Client_1005,E-commerce,success,116.74
TXN-000089,2026-04-29,Client_1009,Bills Payment,success,792.74
TXN-000090,2026-03-27,Client_1006,Retail,success,8495.35
TXN-000091,2026-04-03,Client_1005,Retail,success,4143.09
TXN-000092,2026-02-21,Client_1005,Retail,success,4262.42
TXN-000093,2026-02-18,Client_1003,Retail,success,4120.14
TXN-000094,2026-04-17,Client_1001,Bank Transfer,success,4355.89
TXN-000095,2026-03-16,Client_1010,Bank Transfer,success,4477.38
TXN-000096,2026-01-28,Client_1009,Subscription,success,9602.34
TXN-000097,2026-04-05,Client_1003,E-commerce,success,6672.15
TXN-000098,2026-03-21,Client_1006,E-commerce,success,7536.27
TXN-000099,2026-03-28,Client_1005,Bills Payment,success,1558.8
TXN-000100,2026-01-06,Client_1004,Subscription,success,7708.04
TXN-000101,2026-02-28,Client_1007,Retail,success,6993.91
TXN-000102,2026-03-05,Client_1007,Bills Payment,success,6907.46
TXN-000103,2026-04-25,Client_1002,Subscription,success,8060.69
TXN-000104,2026-03-31,Client_1009,Subscription,success,2567.06
TXN-000105,2026-04-19,Client_1002,Subscription,success,4699.97
TXN-000106,2026-03-09,Client_1009,Retail,success,7576.98
TXN-000107,2026-02-26,Client_1010,Retail,success,9077.86
TXN-000108,2026-02-27,Client_1003,Subscription,success,7542.59
TXN-000109,2026-04-18,Client_1005,Retail,success,2468.53
TXN-000110,2026-02-26,Client_1002,Bank Transfer,success,3424.89
TXN-000111,2026-04-25,Client_1009,E-commerce,success,2389.49
TXN-000112,2026-03-30,Client_1003,Bills Payment,success,4135.23
TXN-000113,2026-03-11,Client_1008,Subscription,success,8345.62
TXN-000114,2026-02-19,Client_1010,E-commerce,success,7679.39
TXN-000115,2026-02-18,Client_1008,E-commerce,failed,3056.27
TXN-000116,2026-02-19,Client_1007,Retail,success,5506.71
TXN-000117,2026-03-19,Client_1004,Subscription,success,4414.78
TXN-000118,2026-01-04,Client_1007,Bank Transfer,success,8001.61
TXN-000119,2026-04-03,Client_1003,Subscription,failed,9809.15
TXN-000120,2026-03-10,Client_1001,Subscription,success,6663.7
TXN-000121,2026-01-11,Client_1007,Bills Payment,success,1899.12
TXN-000122,2026-02-03,Client_1007,Bank Transfer,success,3335.77
TXN-000123,2026-04-08,Client_1007,Bank Transfer,success,8336.05
TXN-000124,2026-02-02,Client_1002,Subscription,success,5440.25
TXN-000125,2026-02-14,Client_1004,E-commerce,success,6552.37
TXN-000126,2026-04-07,Client_1001,Bills Payment,success,301.76
TXN-000127,2026-01-20,Client_1004,Bills Payment,success,1232.46
TXN-000128,2026-01-28,Client_1008,Bank Transfer,success,1761.11
TXN-000129,2026-03-19,Client_1002,Bills Payment,refunded,1170.18
TXN-000130,2026-01-04,Client_1005,Retail,success,9585.91
TXN-000131,2026-02-20,Client_1004,E-commerce,success,8322.66
TXN-000132,2026-02-01,Client_1002,Bank Transfer,success,6044.07
TXN-000133,2026-01-16,Client_1010,E-commerce,success,4340.94
TXN-000134,2026-02-17,Client_1002,Retail,success,225.26
TXN-000135,2026-02-23,Client_1008,E-commerce,success,3685.66
TXN-000136,2026-04-25,Client_1008,Bills Payment,success,7364.57
TXN-000137,2026-03-25,Client_1005,Retail,success,5427.91
TXN-000138,2026-03-03,Client_1008,Subscription,success,5965.5
TXN-000139,2026-02-11,Client_1004,E-commerce,success,4562.94
TXN-000140,2026-04-07,Client_1008,Retail,success,3851.99
TXN-000141,2026-01-04,Client_1008,Bank Transfer,success,2199.99
TXN-000142,2026-04-13,Client_1005,Bank Transfer,success,6001.93
TXN-000143,2026-04-23,Client_1005,Retail,success,9485.82
TXN-000144,2026-01-11,Client_1004,Subscription,success,7605.83
TXN-000145,2026-03-30,Client_1008,Subscription,success,270.71
TXN-000146,2026-02-07,Client_1004,Subscription,success,3131.44
TXN-000147,2026-03-16,Client_1006,Subscription,success,3503.2
TXN-000148,2026-04-06,Client_1009,Bank Transfer,success,4592.08
TXN-000149,2026-02-09,Client_1005,Bills Payment,success,2006.58
TXN-000150,2026-01-16,Client_1009,Bills Payment,success,7412.19
TXN-000151,2026-02-05,Client_1010,Retail,success,9807.06
TXN-000152,2026-04-17,Client_1004,Bank Transfer,success,1876.47
TXN-000153,2026-01-02,Client_1009,Bills Payment,success,9745.52
TXN-000154,2026-03-12,Client_1005,Bills Payment,success,7552.64
TXN-000155,2026-01-14,Client_1001,Retail,success,4839.27
TXN-000156,2026-02-13,Client_1003,E-commerce,success,8631.06
TXN-000157,2026-01-15,Client_1002,Subscription,success,5812.51
TXN-000158,2026-03-29,Client_1001,Bills Payment,success,5672.11
TXN-000159,2026-02-08,Client_1002,Bills Payment,success,7667.99
TXN-000160,2026-03-19,Client_1010,Retail,success,5273.47
TXN-000161,2026-02-27,Client_1008,Bank Transfer,success,9901.31
TXN-000162,2026-02-09,Client_1010,Retail,success,9605.08
TXN-000163,2026-01-13,Client_1004,Bills Payment,success,903.76
TXN-000164,2026-01-31,Client_1003,Retail,success,126.49
TXN-000165,2026-02-27,Client_1010,Subscription,success,2391.61
TXN-000166,2026-04-01,Client_1005,Subscription,success,2410.9
TXN-000167,2026-02-03,Client_1010,Bills Payment,success,5491.17
TXN-000168,2026-03-24,Client_1003,Bank Transfer,success,806.96
TXN-000169,2026-01-22,Client_1005,Retail,success,5735.15
TXN-000170,2026-02-06,Client_1008,E-commerce,success,3110.5
TXN-000171,2026-02-21,Client_1005,Retail,success,4433.81
TXN-000172,2026-03-18,Client_1001,Subscription,success,6076.77
TXN-000173,2026-01-04,Client_1002,Bills Payment,refunded,8375.99
TXN-000174,2026-03-15,Client_1010,E-commerce,refunded,6755.59
TXN-000175,2026-02-04,Client_1010,E-commerce,success,1834.39
TXN-000176,2026-03-08,Client_1008,Bank Transfer,success,5894.76
TXN-000177,2026-03-23,Client_1008,E-commerce,success,4142.65
TXN-000178,2026-02-11,Client_1002,Bills Payment,success,6967.37
TXN-000179,2026-02-06,Client_1007,Retail,success,971.79
TXN-000180,2026-02-02,Client_1006,E-commerce,refunded,4101.33
TXN-000181,2026-03-07,Client_1001,Retail,success,636.62
TXN-000182,2026-03-08,Client_1006,Retail,success,6291.55
TXN-000183,2026-04-08,Client_1001,Bills Payment,success,1397.03
TXN-000184,2026-02-06,Client_1008,Subscription,success,9734.15
TXN-000185,2026-03-19,Client_1004,Bills Payment,success,235.38
TXN-000186,2026-02-22,Client_1002,Bills Payment,refunded,9138.01
TXN-000187,2026-03-01,Client_1002,Bills Payment,success,7194.37
TXN-000188,2026-03-07,Client_1005,Subscription,success,9804.42
TXN-000189,2026-02-01,Client_1008,Retail,success,1987.04
TXN-000190,2026-03-18,Client_1009,Bills Payment,success,2834.85
TXN-000191,2026-04-12,Client_1007,Bank Transfer,failed,5126.6
TXN-000192,2026-04-16,Client_1001,Bank Transfer,success,8391.01
TXN-000193,2026-03-16,Client_1008,Bills Payment,success,4894.98
TXN-000194,2026-02-12,Client_1009,Retail,success,9335.24
TXN-000195,2026-04-22,Client_1004,Bills Payment,success,2412.27
TXN-000196,2026-04-10,Client_1007,E-commerce,success,4782.46
TXN-000197,2026-04-27,Client_1007,Subscription,refunded,7944.7
TXN-000198,2026-03-25,Client_1003,Subscription,refunded,1349.84
TXN-000199,2026-03-17,Client_1006,E-commerce,success,4459.03
TXN-000200,2026-03-09,Client_1008,E-commerce,success,4158.79
TXN-000201,2026-03-25,Client_1003,E-commerce,success,9695.12
TXN-000202,2026-02-13,Client_1010,Subscription,success,8532.48
TXN-000203,2026-04-20,Client_1009,Subscription,failed,6305.31
TXN-000204,2026-04-24,Client_1008,Retail,success,777.37
TXN-000205,2026-03-22,Client_1005,Bills Payment,success,4396.32
TXN-000206,2026-01-13,Client_1002,Subscription,success,3064.71
TXN-000207,2026-01-04,Client_1001,Bank Transfer,success,3004.34
TXN-000208,2026-02-17,Client_1007,Bills Payment,success,4179.31
TXN-000209,2026-03-29,Client_1003,Bills Payment,success,6133.97
TXN-000210,2026-02-18,Client_1010,Bills Payment,success,5873.26
TXN-000211,2026-01-30,Client_1008,Bank Transfer,success,6701.72
TXN-000212,2026-04-26,Client_1008,Bank Transfer,success,1663.96
TXN-000213,2026-02-26,Client_1006,Retail,success,9624.09
TXN-000214,2026-03-30,Client_1005,Subscription,success,2072.25
TXN-000215,2026-02-19,Client_1008,E-commerce,success,5762.03
TXN-000216,2026-03-15,Client_1005,Bank Transfer,success,8317.37
TXN-000217,2026-02-20,Client_1005,E-commerce,success,6889.41
TXN-000218,2026-04-06,Client_1001,Retail,success,8345.11
TXN-000219,2026-04-26,Client_1005,Bills Payment,success,3587.98
TXN-000220,2026-03-23,Client_1004,Retail,success,7580.22
TXN-000221,2026-04-09,Client_1003,E-commerce,failed,6498.77
TXN-000222,2026-02-09,Client_1008,E-commerce,success,7350.36
TXN-000223,2026-01-12,Client_1005,Bank Transfer,success,1838.84
TXN-000224,2026-01-17,Client_1009,Bank Transfer,success,9143.52
TXN-000225,2026-04-17,Client_1003,Bank Transfer,failed,9447.46
TXN-000226,2026-04-14,Client_1005,Bank Transfer,success,4736.48
TXN-000227,2026-01-10,Client_1003,Bills Payment,success,7269.75
TXN-000228,2026-02-20,Client_1009,Bank Transfer,success,4006.29
TXN-000229,2026-02-03,Client_1009,E-commerce,success,6761.0
TXN-000230,2026-03-28,Client_1005,Retail,success,6421.64
TXN-000231,2026-02-17,Client_1002,Bills Payment,success,6233.51
TXN-000232,2026-03-13,Client_1006,Retail,success,725.85
TXN-000233,2026-04-16,Client_1008,Bank Transfer,success,1255.09
TXN-000234,2026-01-06,Client_1001,Bank Transfer,refunded,1249.59
TXN-000235,2026-01-31,Client_1009,Bills Payment,success,3773.01
TXN-000236,2026-04-06,Client_1009,Subscription,success,7293.33
TXN-000237,2026-04-24,Client_1007,E-commerce,success,6194.96
TXN-000238,2026-02-05,Client_1001,Bank Transfer,success,4502.49
TXN-000239,2026-01-31,Client_1006,E-commerce,refunded,3736.62
TXN-000240,2026-04-26,Client_1006,E-commerce,success,1979.1
TXN-000241,2026-01-16,Client_1008,E-commerce,success,6452.87
TXN-000242,2026-03-18,Client_1001,E-commerce,success,2511.33
TXN-000243,2026-01-17,Client_1010,Bills Payment,success,7675.06
TXN-000244,2026-01-27,Client_1010,Bills Payment,success,2406.69
TXN-000245,2026-04-10,Client_1003,Retail,success,8598.22
TXN-000246,2026-01-19,Client_1003,Retail,success,1827.52
TXN-000247,2026-03-26,Client_1001,Bills Payment,success,7920.85
TXN-000248,2026-01-31,Client_1010,Bank Transfer,success,2727.14
TXN-000249,2026-01-17,Client_1007,Retail,success,729.22
TXN-000250,2026-02-27,Client_1006,Retail,success,4574.85
TXN-000251,2026-01-29,Client_1010,E-commerce,success,9096.64
TXN-000252,2026-03-26,Client_1009,Bank Transfer,success,9643.86
TXN-000253,2026-01-08,Client_1008,Subscription,success,1168.82
TXN-000254,2026-04-02,Client_1008,E-commerce,failed,3288.91
TXN-000255,2026-01-19,Client_1002,Bills Payment,success,6367.46
TXN-000256,2026-03-12,Client_1006,Subscription,refunded,5352.51
TXN-000257,2026-02-28,Client_1009,Retail,success,7951.65
TXN-000258,2026-01-15,Client_1009,Bills Payment,success,8892.1
TXN-000259,2026-02-22,Client_1006,Subscription,success,7323.16
TXN-000260,2026-02-10,Client_1007,Bank Transfer,success,3805.58
TXN-000261,2026-01-20,Client_1008,E-commerce,success,945.11
TXN-000262,2026-02-25,Client_1002,Bank Transfer,success,5608.07
TXN-000263,2026-03-17,Client_1009,Retail,success,1310.09
TXN-000264,2026-02-15,Client_1007,E-commerce,refunded,6044.06
TXN-000265,2026-02-15,Client_1002,Retail,success,1631.83
TXN-000266,2026-03-03,Client_1004,E-commerce,success,5607.03
TXN-000267,2026-01-15,Client_1005,Retail,success,4348.21
TXN-000268,2026-03-13,Client_1010,Retail,success,5611.72
TXN-000269,2026-03-19,Client_1005,E-commerce,success,7056.72
TXN-000270,2026-02-09,Client_1006,Bank Transfer,success,8711.64
TXN-000271,2026-03-14,Client_1007,E-commerce,success,6368.4
TXN-000272,2026-01-04,Client_1002,Retail,success,4256.34
TXN-000273,2026-02-13,Client_1003,Bank Transfer,success,3311.39
TXN-000274,2026-03-14,Client_1010,E-commerce,failed,1640.24
TXN-000275,2026-04-07,Client_1010,E-commerce,success,2793.82
TXN-000276,2026-03-26,Client_1007,Subscription,success,4200.42
TXN-000277,2026-01-28,Client_1009,E-commerce,success,1197.81
TXN-000278,2026-03-28,Client_1010,Subscription,success,3153.35
TXN-000279,2026-01-29,Client_1007,Retail,success,2123.79
TXN-000280,2026-01-28,Client_1003,Bank Transfer,success,1287.85
TXN-000281,2026-03-05,Client_1007,Bills Payment,success,5372.57
TXN-000282,2026-01-30,Client_1009,Retail,success,8081.38
TXN-000283,2026-01-10,Client_1007,E-commerce,success,4651.57
TXN-000284,2026-01-10,Client_1006,Retail,success,4103.79
TXN-000285,2026-03-23,Client_1007,Bank Transfer,success,306.48
TXN-000286,2026-02-11,Client_1003,Retail,success,6927.14
TXN-000287,2026-02-16,Client_1002,Subscription,success,2508.83
TXN-000288,2026-03-17,Client_1007,Retail,success,8718.19
TXN-000289,2026-04-06,Client_1006,Bills Payment,success,1764.51
TXN-000290,2026-03-07,Client_1002,Retail,success,9068.64
TXN-000291,2026-02-14,Client_1006,Bills Payment,success,1549.8
TXN-000292,2026-01-26,Client_1003,Retail,success,7615.61
TXN-000293,2026-01-10,Client_1003,Subscription,success,5680.98
TXN-000294,2026-03-16,Client_1008,Retail,success,9866.67
TXN-000295,2026-02-11,Client_1006,Bills Payment,success,4742.32
TXN-000296,2026-03-22,Client_1005,Bank Transfer,success,3584.23
TXN-000297,2026-01-10,Client_1005,Subscription,success,663.21
TXN-000298,2026-04-17,Client_1005,E-commerce,success,9775.95
TXN-000299,2026-01-12,Client_1010,Retail,success,4680.85
TXN-000300,2026-03-12,Client_1001,Subscription,failed,5759.4
TXN-000301,2026-01-25,Client_1006,Retail,success,1593.52
TXN-000302,2026-01-08,Client_1008,E-commerce,success,8390.03
TXN-000303,2026-04-02,Client_1002,Retail,success,487.51
TXN-000304,2026-04-01,Client_1008,Subscription,success,6137.07
TXN-000305,2026-02-16,Client_1006,Bank Transfer,success,7767.2
TXN-000306,2026-03-28,Client_1010,E-commerce,success,6508.32
TXN-000307,2026-01-09,Client_1006,E-commerce,success,3926.99
TXN-000308,2026-02-02,Client_1010,Bills Payment,success,5869.12
TXN-000309,2026-01-19,Client_1006,Bank Transfer,refunded,7014.95
TXN-000310,2026-02-20,Client_1003,Retail,success,938.72
TXN-000311,2026-03-13,Client_1007,Bank Transfer,success,6734.15
TXN-000312,2026-04-17,Client_1009,E-commerce,success,4291.72
TXN-000313,2026-02-16,Client_1001,Bank Transfer,success,9516.58
TXN-000314,2026-02-13,Client_1008,Bills Payment,success,1461.9
TXN-000315,2026-01-10,Client_1005,E-commerce,success,5443.73
TXN-000316,2026-04-05,Client_1009,E-commerce,success,8776.29
TXN-000317,2026-03-21,Client_1003,Retail,success,1706.25
TXN-000318,2026-04-17,Client_1010,Bills Payment,success,532.56
TXN-000319,2026-02-16,Client_1004,Subscription,success,7548.67
TXN-000320,2026-04-11,Client_1008,Bills Payment,success,3163.73
TXN-000321,2026-04-14,Client_1008,Bills Payment,success,9476.59
TXN-000322,2026-02-26,Client_1008,Bank Transfer,success,5078.78
TXN-000323,2026-02-23,Client_1003,Bills Payment,success,1470.15
TXN-000324,2026-02-02,Client_1001,Subscription,success,5589.95
TXN-000325,2026-01-14,Client_1009,E-commerce,success,7654.86
TXN-000326,2026-02-04,Client_1008,Retail,success,4430.98
TXN-000327,2026-04-27,Client_1004,Subscription,failed,9311.67
TXN-000328,2026-02-23,Client_1001,Subscription,success,2434.2
TXN-000329,2026-01-11,Client_1006,Bills Payment,success,9315.18
TXN-000330,2026-04-18,Client_1006,Bills Payment,success,2940.11
TXN-000331,2026-04-17,Client_1008,Bills Payment,success,4744.19
TXN-000332,2026-03-20,Client_1001,E-commerce,success,2234.98
TXN-000333,2026-01-20,Client_1009,Retail,success,1200.75
TXN-000334,2026-02-06,Client_1004,Bank Transfer,success,2460.55
TXN-000335,2026-03-23,Client_1010,Subscription,success,8383.21
TXN-000336,2026-03-05,Client_1010,Retail,success,5202.22
TXN-000337,2026-01-31,Client_1003,Bank Transfer,success,6186.61
TXN-000338,2026-01-31,Client_1010,Subscription,success,6715.33
TXN-000339,2026-03-09,Client_1006,E-commerce,failed,5486.41
TXN-000340,2026-04-11,Client_1009,Retail,success,8745.98
TXN-000341,2026-01-06,Client_1007,Bank Transfer,success,260.8
TXN-000342,2026-04-11,Client_1002,Bank Transfer,success,6605.33
TXN-000343,2026-01-14,Client_1010,Bank Transfer,success,3587.76
TXN-000344,2026-02-13,Client_1003,Subscription,refunded,4837.46
TXN-000345,2026-01-24,Client_1003,E-commerce,success,9441.69
TXN-000346,2026-01-05,Client_1005,Bills Payment,success,2074.75
TXN-000347,2026-01-06,Client_1006,Bank Transfer,success,9892.31
TXN-000348,2026-03-11,Client_1008,Bank Transfer,success,6504.31
TXN-000349,2026-02-06,Client_1006,E-commerce,success,3386.05
TXN-000350,2026-01-16,Client_1006,Subscription,failed,7458.75
TXN-000351,2026-04-25,Client_1007,Bank Transfer,refunded,5012.41
TXN-000352,2026-03-05,Client_1006,Retail,success,917.85
TXN-000353,2026-02-24,Client_1002,Subscription,success,8241.18
TXN-000354,2026-03-11,Client_1005,Bank Transfer,success,3346.41
TXN-000355,2026-02-07,Client_1005,Subscription,success,4318.55
TXN-000356,2026-03-30,Client_1008,Bank Transfer,success,7295.46
TXN-000357,2026-04-27,Client_1006,Retail,refunded,2818.1
TXN-000358,2026-04-12,Client_1001,E-commerce,success,4121.48
TXN-000359,2026-03-07,Client_1003,E-commerce,success,6114.97
TXN-000360,2026-04-11,Client_1008,E-commerce,success,2436.35
TXN-000361,2026-03-24,Client_1006,Bank Transfer,success,5715.72
TXN-000362,2026-03-19,Client_1003,Subscription,failed,3782.93
TXN-000363,2026-04-08,Client_1002,Retail,success,3732.8
TXN-000364,2026-02-10,Client_1005,Bills Payment,refunded,356.54
TXN-000365,2026-01-24,Client_1008,Retail,success,5660.56
TXN-000366,2026-02-03,Client_1005,Subscription,success,6157.58
TXN-000367,2026-03-30,Client_1008,Bills Payment,success,8542.98
TXN-000368,2026-02-27,Client_1003,Subscription,refunded,8124.08
TXN-000369,2026-04-19,Client_1006,Bank Transfer,success,5544.97
TXN-000370,2026-02-07,Client_1005,Bills Payment,success,9280.51
TXN-000371,2026-03-23,Client_1003,Bank Transfer,success,1301.49
TXN-000372,2026-01-26,Client_1003,Bills Payment,success,360.21
TXN-000373,2026-03-12,Client_1010,Bank Transfer,success,9831.82
TXN-000374,2026-01-17,Client_1010,E-commerce,success,4041.78
TXN-000375,2026-04-02,Client_1008,Retail,success,4153.39
TXN-000376,2026-03-15,Client_1002,Bills Payment,refunded,6459.15
TXN-000377,2026-02-27,Client_1008,Retail,success,8791.81
TXN-000378,2026-04-10,Client_1009,Retail,success,9666.02
TXN-000379,2026-02-25,Client_1009,E-commerce,success,5229.21
TXN-000380,2026-02-08,Client_1003,Bills Payment,success,7122.39
TXN-000381,2026-02-14,Client_1009,Bank Transfer,success,2580.99
TXN-000382,2026-03-23,Client_1009,Bank Transfer,success,3097.96
TXN-000383,2026-03-10,Client_1002,Retail,success,5958.9
TXN-000384,2026-03-16,Client_1003,Bills Payment,success,7234.26
TXN-000385,2026-03-19,Client_1006,Retail,success,8651.43
TXN-000386,2026-01-11,Client_1001,Retail,success,2187.0
TXN-000387,2026-03-15,Client_1007,Retail,success,5030.58
TXN-000388,2026-03-22,Client_1009,Bank Transfer,success,3090.73
TXN-000389,2026-02-01,Client_1007,Bank Transfer,success,6917.27
TXN-000390,2026-01-21,Client_1008,Subscription,success,2119.83
TXN-000391,2026-03-19,Client_1003,Bank Transfer,success,3261.23
TXN-000392,2026-04-21,Client_1006,Subscription,success,3768.35
TXN-000393,2026-03-13,Client_1002,Bank Transfer,success,1312.97
TXN-000394,2026-02-27,Client_1004,Bills Payment,success,2973.1
TXN-000395,2026-02-19,Client_1010,Subscription,success,8666.54
TXN-000396,2026-01-21,Client_1006,Retail,success,1979.36
TXN-000397,2026-01-21,Client_1008,Retail,success,8802.85
TXN-000398,2026-03-05,Client_1001,E-commerce,failed,5103.9
TXN-000399,2026-01-31,Client_1004,Retail,success,600.35
TXN-000400,2026-03-05,Client_1010,Subscription,success,180.96
TXN-000401,2026-01-14,Client_1007,Bills Payment,failed,7302.33
TXN-000402,2026-04-08,Client_1007,Bank Transfer,success,606.46
TXN-000403,2026-03-13,Client_1004,Bank Transfer,success,827.96
TXN-000404,2026-03-06,Client_1008,Retail,success,9892.0
TXN-000405,2026-03-29,Client_1010,E-commerce,success,1057.15
TXN-000406,2026-02-17,Client_1006,Retail,failed,7574.16
TXN-000407,2026-01-26,Client_1010,Retail,success,498.52
TXN-000408,2026-01-05,Client_1003,Bank Transfer,success,5241.39
TXN-000409,2026-01-20,Client_1010,Retail,success,9320.55
TXN-000410,2026-02-10,Client_1003,Subscription,refunded,7419.26
TXN-000411,2026-02-08,Client_1010,Bank Transfer,success,5146.17
TXN-000412,2026-03-04,Client_1010,Bank Transfer,success,264.71
TXN-000413,2026-02-12,Client_1002,Subscription,success,7987.87
TXN-000414,2026-04-03,Client_1001,Retail,success,9674.0
TXN-000415,2026-04-11,Client_1010,Retail,success,608.42
TXN-000416,2026-03-03,Client_1003,Retail,success,6235.38
TXN-000417,2026-04-18,Client_1007,Bills Payment,success,2497.75
TXN-000418,2026-03-15,Client_1002,Bills Payment,success,3205.56
TXN-000419,2026-01-20,Client_1007,Bills Payment,success,7772.23
TXN-000420,2026-04-28,Client_1008,E-commerce,success,5234.96
TXN-000421,2026-03-13,Client_1006,Subscription,success,3206.15
TXN-000422,2026-01-23,Client_1008,Retail,success,3607.44
TXN-000423,2026-04-09,Client_1005,Retail,success,9577.64
TXN-000424,2026-02-05,Client_1009,Bank Transfer,success,9731.82
TXN-000425,2026-02-08,Client_1005,Bills Payment,success,4941.13
TXN-000426,2026-03-03,Client_1006,Retail,failed,7974.51
TXN-000427,2026-02-05,Client_1005,E-commerce,success,5477.59
TXN-000428,2026-04-25,Client_1007,Bank Transfer,failed,8065.7
TXN-000429,2026-02-07,Client_1001,Bank Transfer,failed,882.39
TXN-000430,2026-04-29,Client_1008,Bank Transfer,success,2218.47
TXN-000431,2026-04-16,Client_1009,Bank Transfer,failed,6992.1
TXN-000432,2026-01-18,Client_1002,Retail,success,2468.89
TXN-000433,2026-01-07,Client_1009,Bills Payment,success,619.66
TXN-000434,2026-02-22,Client_1006,Subscription,success,7730.58
TXN-000435,2026-01-01,Client_1009,Bills Payment,success,9356.82
TXN-000436,2026-04-23,Client_1008,Subscription,success,7583.52
TXN-000437,2026-02-06,Client_1006,Bank Transfer,success,9088.58
TXN-000438,2026-01-12,Client_1010,Bills Payment,success,7258.87
TXN-000439,2026-04-30,Client_1001,Bills Payment,success,8392.29
TXN-000440,2026-04-30,Client_1001,Subscription,success,1944.49
TXN-000441,2026-04-06,Client_1005,E-commerce,success,5722.82
TXN-000442,2026-01-14,Client_1006,Bank Transfer,success,6448.99
TXN-000443,2026-03-09,Client_1008,Bills Payment,success,4733.41
TXN-000444,2026-01-25,Client_1002,Bank Transfer,success,4643.25
TXN-000445,2026-02-02,Client_1003,E-commerce,success,7928.6
TXN-000446,2026-03-14,Client_1004,Bills Payment,success,6423.39
TXN-000447,2026-02-21,Client_1007,Retail,success,4068.25
TXN-000448,2026-01-13,Client_1003,Bills Payment,success,9364.67
TXN-000449,2026-01-01,Client_1005,Subscription,success,7562.19
TXN-000450,2026-02-12,Client_1005,Retail,success,213.21
TXN-000451,2026-03-25,Client_1006,Bills Payment,success,1270.43
TXN-000452,2026-02-09,Client_1003,Subscription,success,9238.75
TXN-000453,2026-04-24,Client_1005,E-commerce,success,9412.29
TXN-000454,2026-02-17,Client_1010,Bills Payment,success,1422.33
TXN-000455,2026-01-20,Client_1008,Retail,success,7049.21
TXN-000456,2026-04-27,Client_1008,Retail,success,8273.47
TXN-000457,2026-04-08,Client_1004,Retail,success,910.52
TXN-000458,2026-02-27,Client_1009,Bank Transfer,success,5685.27
TXN-000459,2026-01-08,Client_1009,Retail,success,5412.94
TXN-000460,2026-01-22,Client_1006,Retail,success,6834.92
TXN-000461,2026-04-02,Client_1010,Subscription,success,5152.72
TXN-000462,2026-04-14,Client_1001,Subscription,success,4212.7
TXN-000463,2026-03-14,Client_1001,Retail,success,8088.46
TXN-000464,2026-04-03,Client_1001,Subscription,success,129.85
TXN-000465,2026-01-28,Client_1010,E-commerce,success,3510.84
TXN-000466,2026-01-09,Client_1009,E-commerce,failed,783.29
TXN-000467,2026-04-30,Client_1008,E-commerce,success,1881.82
TXN-000468,2026-01-18,Client_1007,Bank Transfer,refunded,3886.55
TXN-000469,2026-04-22,Client_1007,Subscription,success,9645.03
TXN-000470,2026-04-22,Client_1009,Bills Payment,success,3542.92
TXN-000471,2026-01-23,Client_1009,Subscription,success,7305.8
TXN-000472,2026-01-29,Client_1001,E-commerce,refunded,4683.74
TXN-000473,2026-04-03,Client_1009,Subscription,success,8251.27
TXN-000474,2026-02-01,Client_1008,Bank Transfer,success,1965.96
TXN-000475,2026-04-23,Client_1002,E-commerce,success,4250.48
TXN-000476,2026-04-09,Client_1001,Bills Payment,success,1098.88
TXN-000477,2026-01-05,Client_1008,Retail,success,8734.9
TXN-000478,2026-02-01,Client_1001,Subscription,success,5443.62
TXN-000479,2026-04-07,Client_1001,Bills Payment,success,2963.71
TXN-000480,2026-04-15,Client_1010,Bank Transfer,success,7748.13
TXN-000481,2026-04-15,Client_1006,Bills Payment,success,1518.28
TXN-000482,2026-03-26,Client_1009,Bills Payment,success,2824.02
TXN-000483,2026-03-13,Client_1010,Bills Payment,success,4329.29
TXN-000484,2026-03-05,Client_1001,Bank Transfer,failed,6746.29
TXN-000485,2026-04-11,Client_1009,Bank Transfer,success,4141.77
TXN-000486,2026-02-08,Client_1007,Bills Payment,success,4787.84
TXN-000487,2026-04-19,Client_1004,Bank Transfer,success,1529.08
TXN-000488,2026-03-01,Client_1001,Retail,success,4223.43
TXN-000489,2026-03-09,Client_1003,Subscription,success,2113.03
TXN-000490,2026-03-24,Client_1002,Subscription,success,1015.39
TXN-000491,2026-04-03,Client_1004,E-commerce,success,6769.35
TXN-000492,2026-03-19,Client_1001,E-commerce,success,7640.79
TXN-000493,2026-04-03,Client_1009,Bills Payment,success,8707.79
TXN-000494,2026-02-12,Client_1005,E-commerce,success,1981.23
TXN-000495,2026-04-05,Client_1002,Subscription,failed,6986.7
TXN-000496,2026-04-01,Client_1004,Subscription,failed,5565.58
TXN-000497,2026-04-10,Client_1005,Subscription,success,6522.34
TXN-000498,2026-02-09,Client_1005,Bank Transfer,success,5023.05
TXN-000499,2026-01-13,Client_1008,Bank Transfer,failed,3769.98
TXN-000500,2026-02-22,Client_1001,Retail,success,7438.4
TXN-000501,2026-01-03,Client_1005,Retail,failed,5833.51
TXN-000502,2026-02-23,Client_1005,Bills Payment,success,2377.18
TXN-000503,2026-03-14,Client_1004,Subscription,success,9440.3
TXN-000504,2026-02-13,Client_1005,Subscription,refunded,6452.78
TXN-000505,2026-03-04,Client_1008,Bills Payment,success,3586.54
TXN-000506,2026-01-18,Client_1009,Subscription,success,8904.71
TXN-000507,2026-03-24,Client_1001,Retail,success,8482.3
TXN-000508,2026-04-15,Client_1001,E-commerce,success,8441.19
TXN-000509,2026-01-30,Client_1002,Bills Payment,success,5106.76
TXN-000510,2026-02-17,Client_1001,Retail,success,9345.65
TXN-000511,2026-04-27,Client_1008,Subscription,success,5368.9
TXN-000512,2026-02-22,Client_1001,E-commerce,success,2819.93
TXN-000513,2026-02-06,Client_1001,Retail,success,6772.93
TXN-000514,2026-04-14,Client_1003,E-commerce,failed,5291.42
TXN-000515,2026-01-31,Client_1004,Retail,success,8170.62
TXN-000516,2026-02-04,Client_1007,E-commerce,success,4119.67
TXN-000517,2026-03-14,Client_1004,Bills Payment,success,8297.81
TXN-000518,2026-01-11,Client_1001,E-commerce,success,3833.98
TXN-000519,2026-03-02,Client_1001,E-commerce,success,918.59
TXN-000520,2026-04-19,Client_1007,Bank Transfer,success,8593.81
TXN-000521,2026-01-13,Client_1009,E-commerce,success,9022.6
TXN-000522,2026-03-30,Client_1010,Subscription,success,9249.18
TXN-000523,2026-03-29,Client_1005,Retail,success,425.73
TXN-000524,2026-04-29,Client_1006,E-commerce,refunded,5911.66
TXN-000525,2026-04-07,Client_1007,E-commerce,success,5683.19
TXN-000526,2026-03-14,Client_1007,Retail,success,7580.53
TXN-000527,2026-01-18,Client_1002,Retail,success,3524.01
TXN-000528,2026-01-13,Client_1007,Bills Payment,success,3471.87
TXN-000529,2026-04-09,Client_1010,Retail,success,7758.19
TXN-000530,2026-01-04,Client_1005,Subscription,success,3622.53
TXN-000531,2026-02-18,Client_1007,Bills Payment,success,6640.65
TXN-000532,2026-01-11,Client_1010,Bank Transfer,success,7159.77
TXN-000533,2026-01-11,Client_1005,Bills Payment,success,7860.51
TXN-000534,2026-01-20,Client_1007,Bank Transfer,success,1006.05
TXN-000535,2026-02-09,Client_1008,Bank Transfer,success,1112.09
TXN-000536,2026-01-12,Client_1003,Subscription,success,5591.93
TXN-000537,2026-02-22,Client_1002,E-commerce,success,5586.78
TXN-000538,2026-03-18,Client_1010,Bank Transfer,success,222.17
TXN-000539,2026-02-22,Client_1007,E-commerce,success,5639.41
TXN-000540,2026-02-01,Client_1010,Retail,success,3869.25
TXN-000541,2026-01-18,Client_1005,Bank Transfer,success,1544.75
TXN-000542,2026-01-22,Client_1007,Bank Transfer,success,4893.89
TXN-000543,2026-01-10,Client_1006,Bank Transfer,failed,7236.9
TXN-000544,2026-03-05,Client_1010,Retail,success,1159.03
TXN-000545,2026-02-08,Client_1001,Subscription,success,6239.9
TXN-000546,2026-04-13,Client_1006,Subscription,success,8173.21
TXN-000547,2026-04-21,Client_1010,Bills Payment,success,6071.79
TXN-000548,2026-03-30,Client_1004,Subscription,success,9649.29
TXN-000549,2026-02-10,Client_1005,Subscription,refunded,7841.55
TXN-000550,2026-02-11,Client_1007,Bank Transfer,success,3990.06
TXN-000551,2026-01-15,Client_1010,Bills Payment,success,5501.73
TXN-000552,2026-03-29,Client_1009,E-commerce,failed,4670.06
TXN-000553,2026-04-01,Client_1004,Subscription,success,8329.69
TXN-000554,2026-01-09,Client_1007,Subscription,success,3098.04
TXN-000555,2026-02-02,Client_1003,Subscription,success,832.25
TXN-000556,2026-03-18,Client_1008,Retail,success,5115.47
TXN-000557,2026-04-28,Client_1007,Retail,success,9687.44
TXN-000558,2026-03-31,Client_1009,Retail,success,941.32
TXN-000559,2026-04-09,Client_1004,Bank Transfer,success,6165.51
TXN-000560,2026-03-14,Client_1007,Bank Transfer,refunded,4361.51
TXN-000561,2026-01-02,Client_1002,Bank Transfer,success,7493.84
TXN-000562,2026-03-13,Client_1010,Retail,success,3803.78
TXN-000563,2026-03-01,Client_1010,Retail,success,9977.26
TXN-000564,2026-03-03,Client_1002,Bank Transfer,success,9621.11
TXN-000565,2026-01-15,Client_1003,Bank Transfer,success,4607.79
TXN-000566,2026-01-27,Client_1009,Subscription,success,1066.47
TXN-000567,2026-04-03,Client_1008,Bank Transfer,success,542.36
TXN-000568,2026-04-01,Client_1002,E-commerce,success,6514.9
TXN-000569,2026-03-28,Client_1003,Bills Payment,success,5563.91
TXN-000570,2026-02-12,Client_1009,Subscription,failed,2395.37
TXN-000571,2026-02-21,Client_1003,Bills Payment,success,4378.13
TXN-000572,2026-01-04,Client_1010,Bills Payment,success,4352.57
TXN-000573,2026-01-01,Client_1004,Bills Payment,success,7067.22
TXN-000574,2026-04-12,Client_1002,Retail,success,8732.6
TXN-000575,2026-01-24,Client_1006,Bank Transfer,success,1228.15
TXN-000576,2026-03-27,Client_1008,Retail,refunded,3202.7
TXN-000577,2026-02-19,Client_1010,Subscription,success,3544.45
TXN-000578,2026-04-19,Client_1008,Retail,success,6768.53
TXN-000579,2026-04-13,Client_1005,Retail,success,6753.89
TXN-000580,2026-02-10,Client_1002,Bills Payment,success,1912.14
TXN-000581,2026-03-30,Client_1003,Retail,success,6004.62
TXN-000582,2026-03-15,Client_1007,Subscription,success,6391.47
TXN-000583,2026-03-30,Client_1003,Retail,success,2959.46
TXN-000584,2026-01-24,Client_1006,Subscription,success,8668.67
TXN-000585,2026-01-02,Client_1008,Bills Payment,success,3901.05
TXN-000586,2026-03-13,Client_1009,Subscription,success,4968.09
TXN-000587,2026-04-01,Client_1008,Subscription,success,5697.44
TXN-000588,2026-04-12,Client_1004,Bank Transfer,success,2325.95
TXN-000589,2026-02-06,Client_1003,Subscription,success,7748.22
TXN-000590,2026-03-05,Client_1009,Retail,success,1230.65
TXN-000591,2026-04-10,Client_1009,Bank Transfer,success,7592.18
TXN-000592,2026-04-08,Client_1008,Retail,success,4309.03
TXN-000593,2026-04-05,Client_1004,Bank Transfer,success,419.08
TXN-000594,2026-02-03,Client_1006,E-commerce,success,9940.18
TXN-000595,2026-04-10,Client_1004,Bills Payment,success,5920.45
TXN-000596,2026-02-14,Client_1010,Subscription,success,1478.43
TXN-000597,2026-01-27,Client_1004,E-commerce,success,5369.58
TXN-000598,2026-03-18,Client_1009,Bills Payment,success,7070.13
TXN-000599,2026-02-07,Client_1010,Bank Transfer,failed,5192.71
TXN-000600,2026-04-26,Client_1002,Bills Payment,refunded,7878.34
TXN-000601,2026-04-28,Client_1001,Bank Transfer,success,1356.19
TXN-000602,2026-04-21,Client_1003,Bills Payment,success,3288.76
TXN-000603,2026-02-01,Client_1007,Subscription,success,6360.78
TXN-000604,2026-03-22,Client_1007,Subscription,success,6372.91
TXN-000605,2026-04-23,Client_1002,Subscription,success,2854.43
TXN-000606,2026-04-30,Client_1006,Subscription,failed,3340.16
TXN-000607,2026-01-01,Client_1002,Subscription,success,7003.16
TXN-000608,2026-04-19,Client_1002,Retail,success,9684.47
TXN-000609,2026-04-16,Client_1004,Subscription,success,8300.6
TXN-000610,2026-02-13,Client_1009,Retail,success,8538.98
TXN-000611,2026-04-11,Client_1006,E-commerce,success,6299.18
TXN-000612,2026-04-18,Client_1008,E-commerce,success,8590.75
TXN-000613,2026-02-26,Client_1008,E-commerce,refunded,4335.21
TXN-000614,2026-03-30,Client_1003,Bank Transfer,success,9333.98
TXN-000615,2026-02-05,Client_1002,Bank Transfer,success,3781.25
TXN-000616,2026-04-26,Client_1003,E-commerce,success,3124.54
TXN-000617,2026-03-31,Client_1004,Subscription,success,7066.61
TXN-000618,2026-01-01,Client_1004,Subscription,success,5977.43
TXN-000619,2026-03-08,Client_1008,E-commerce,success,3501.38
TXN-000620,2026-01-16,Client_1007,Bills Payment,success,2366.57
TXN-000621,2026-01-12,Client_1002,E-commerce,success,8821.79
TXN-000622,2026-01-18,Client_1007,Bills Payment,success,6803.66
TXN-000623,2026-01-09,Client_1009,Retail,success,6535.2
TXN-000624,2026-02-26,Client_1006,Bills Payment,success,1598.6
TXN-000625,2026-02-22,Client_1010,Subscription,success,958.21
TXN-000626,2026-01-13,Client_1003,E-commerce,success,3901.92
TXN-000627,2026-02-24,Client_1006,Bills Payment,success,6481.74
TXN-000628,2026-02-01,Client_1009,Retail,success,6115.17
TXN-000629,2026-04-10,Client_1001,Bank Transfer,success,6108.58
TXN-000630,2026-01-25,Client_1007,Bank Transfer,success,7859.64
TXN-000631,2026-04-12,Client_1004,Subscription,success,2486.71
TXN-000632,2026-03-23,Client_1010,E-commerce,success,9779.2
TXN-000633,2026-02-16,Client_1006,Bills Payment,success,8405.84
TXN-000634,2026-02-23,Client_1006,Retail,success,7650.99
TXN-000635,2026-04-09,Client_1002,E-commerce,success,236.55
TXN-000636,2026-01-28,Client_1001,E-commerce,failed,4039.95
TXN-000637,2026-02-06,Client_1009,Subscription,success,4082.55
TXN-000638,2026-03-23,Client_1009,Retail,success,2846.93
TXN-000639,2026-02-09,Client_1002,Retail,failed,9745.7
TXN-000640,2026-01-20,Client_1009,Bank Transfer,success,6379.51
TXN-000641,2026-04-17,Client_1002,Bank Transfer,success,7326.59
TXN-000642,2026-04-19,Client_1004,E-commerce,success,9253.81
TXN-000643,2026-01-15,Client_1008,Retail,success,3161.97
TXN-000644,2026-04-05,Client_1003,E-commerce,success,1458.4
TXN-000645,2026-01-02,Client_1003,Subscription,failed,5277.75
TXN-000646,2026-04-11,Client_1005,Bills Payment,success,7522.79
TXN-000647,2026-04-22,Client_1005,E-commerce,success,390.63
TXN-000648,2026-04-14,Client_1007,Bank Transfer,success,2703.2
TXN-000649,2026-03-15,Client_1002,Subscription,success,3665.23
TXN-000650,2026-03-05,Client_1010,Bills Payment,success,2625.65
TXN-000651,2026-01-14,Client_1010,E-commerce,success,5137.37
TXN-000652,2026-01-06,Client_1001,Bills Payment,success,3703.37
TXN-000653,2026-04-28,Client_1003,Bills Payment,failed,8589.1
TXN-000654,2026-03-12,Client_1007,Bills Payment,success,4220.94
TXN-000655,2026-04-03,Client_1006,Bank Transfer,success,5758.21
TXN-000656,2026-01-16,Client_1009,E-commerce,success,8062.95
TXN-000657,2026-01-06,Client_1007,E-commerce,success,8673.72
TXN-000658,2026-04-10,Client_1005,Bank Transfer,success,4621.79
TXN-000659,2026-02-17,Client_1004,Bank Transfer,success,3108.7
TXN-000660,2026-03-21,Client_1004,Subscription,success,9721.39
TXN-000661,2026-04-09,Client_1004,Retail,success,2526.76
TXN-000662,2026-01-01,Client_1007,E-commerce,success,3529.59
TXN-000663,2026-04-18,Client_1001,Bank Transfer,success,6607.31
TXN-000664,2026-04-19,Client_1005,E-commerce,success,9832.85
TXN-000665,2026-02-23,Client_1008,E-commerce,refunded,1509.5
TXN-000666,2026-02-05,Client_1002,E-commerce,failed,8983.15
TXN-000667,2026-03-08,Client_1007,Bank Transfer,success,7504.2
TXN-000668,2026-03-16,Client_1002,Retail,success,8217.63
TXN-000669,2026-01-10,Client_1010,Retail,success,6658.19
TXN-000670,2026-01-17,Client_1004,Bank Transfer,success,3218.59
TXN-000671,2026-04-13,Client_1007,Bank Transfer,success,2792.36
TXN-000672,2026-01-10,Client_1004,Bills Payment,success,5888.61
TXN-000673,2026-01-20,Client_1002,Bills Payment,success,3208.93
TXN-000674,2026-01-16,Client_1009,Bank Transfer,refunded,2155.6
TXN-000675,2026-02-09,Client_1008,Bank Transfer,success,995.17
TXN-000676,2026-04-14,Client_1005,Retail,success,8375.66
TXN-000677,2026-02-11,Client_1003,E-commerce,success,9687.16
TXN-000678,2026-02-20,Client_1009,E-commerce,success,2675.65
TXN-000679,2026-01-23,Client_1001,Subscription,success,5603.94
TXN-000680,2026-03-12,Client_1004,E-commerce,success,8058.58
TXN-000681,2026-01-18,Client_1002,E-commerce,success,7831.5
TXN-000682,2026-01-29,Client_1003,Bills Payment,success,3785.17
TXN-000683,2026-03-22,Client_1002,Retail,success,9182.54
TXN-000684,2026-01-10,Client_1001,E-commerce,success,6495.27
TXN-000685,2026-04-14,Client_1003,E-commerce,failed,8310.63
TXN-000686,2026-02-12,Client_1002,E-commerce,failed,601.31
TXN-000687,2026-04-29,Client_1010,Subscription,success,4010.49
TXN-000688,2026-01-04,Client_1007,Subscription,success,2225.69
TXN-000689,2026-01-24,Client_1005,Bank Transfer,success,1571.45
TXN-000690,2026-03-20,Client_1010,Retail,success,3021.54
TXN-000691,2026-02-22,Client_1009,Subscription,success,2869.78
TXN-000692,2026-01-18,Client_1007,Bills Payment,success,7992.26
TXN-000693,2026-02-01,Client_1009,E-commerce,refunded,7840.97
TXN-000694,2026-02-15,Client_1008,Retail,success,3505.94
TXN-000695,2026-03-14,Client_1009,Bank Transfer,success,1880.18
TXN-000696,2026-02-10,Client_1010,Bills Payment,success,8125.82
TXN-000697,2026-02-05,Client_1001,Subscription,success,7691.74
TXN-000698,2026-01-30,Client_1003,E-commerce,success,2487.41
TXN-000699,2026-03-10,Client_1001,Bills Payment,success,9828.38
TXN-000700,2026-02-19,Client_1006,Bills Payment,success,5965.94
TXN-000701,2026-04-14,Client_1006,Retail,success,7035.55
TXN-000702,2026-03-14,Client_1010,Bills Payment,success,1963.51
TXN-000703,2026-04-14,Client_1008,Retail,success,4955.32
TXN-000704,2026-01-12,Client_1001,Bills Payment,success,297.29
TXN-000705,2026-03-03,Client_1001,Bank Transfer,failed,2094.5
TXN-000706,2026-01-17,Client_1006,Bills Payment,failed,8458.41
TXN-000707,2026-02-11,Client_1001,E-commerce,success,7076.49
TXN-000708,2026-01-19,Client_1002,Retail,success,9609.53
TXN-000709,2026-02-17,Client_1007,Retail,success,3087.48
TXN-000710,2026-01-18,Client_1003,Subscription,success,9610.55
TXN-000711,2026-03-25,Client_1006,Bills Payment,success,5663.58
TXN-000712,2026-04-24,Client_1010,Bank Transfer,success,5930.61
TXN-000713,2026-01-23,Client_1007,Bank Transfer,success,3015.72
TXN-000714,2026-01-23,Client_1001,Retail,success,9943.4
TXN-000715,2026-03-14,Client_1001,Bills Payment,success,9218.28
TXN-000716,2026-03-20,Client_1004,Retail,success,5012.23
TXN-000717,2026-02-12,Client_1002,Bills Payment,success,3263.23
TXN-000718,2026-03-23,Client_1002,Bank Transfer,success,2725.6
TXN-000719,2026-02-01,Client_1002,Bank Transfer,success,1169.54
TXN-000720,2026-01-01,Client_1001,Subscription,success,4254.57
TXN-000721,2026-01-22,Client_1007,Subscription,failed,3577.19
TXN-000722,2026-02-18,Client_1002,Subscription,success,5822.75
TXN-000723,2026-04-08,Client_1004,Bills Payment,success,8012.03
TXN-000724,2026-01-05,Client_1005,E-commerce,success,9521.46
TXN-000725,2026-01-10,Client_1006,Bills Payment,failed,1692.95
TXN-000726,2026-01-10,Client_1009,E-commerce,success,9854.23
TXN-000727,2026-04-25,Client_1008,E-commerce,success,6570.99
TXN-000728,2026-03-19,Client_1007,Bills Payment,success,3377.84
TXN-000729,2026-01-25,Client_1007,Retail,success,7326.74
TXN-000730,2026-02-03,Client_1005,Bank Transfer,success,591.39
TXN-000731,2026-03-15,Client_1009,Subscription,success,3672.21
TXN-000732,2026-02-24,Client_1002,Bank Transfer,success,6288.4
TXN-000733,2026-03-03,Client_1004,E-commerce,success,1791.24
TXN-000734,2026-02-07,Client_1002,Subscription,success,3152.7
TXN-000735,2026-02-20,Client_1008,Subscription,failed,2723.54
TXN-000736,2026-03-24,Client_1009,Subscription,success,8866.38
TXN-000737,2026-02-17,Client_1003,Subscription,success,4453.43
TXN-000738,2026-02-03,Client_1004,Bank Transfer,success,1596.19
TXN-000739,2026-03-31,Client_1002,E-commerce,success,8100.98
TXN-000740,2026-02-22,Client_1010,Bills Payment,success,8423.89
TXN-000741,2026-04-15,Client_1009,Subscription,refunded,6901.97
TXN-000742,2026-04-30,Client_1008,Retail,failed,4815.0
TXN-000743,2026-01-11,Client_1007,E-commerce,success,9014.51
TXN-000744,2026-04-13,Client_1010,Retail,success,9497.62
TXN-000745,2026-02-27,Client_1003,Bills Payment,refunded,8103.76
TXN-000746,2026-01-17,Client_1001,Subscription,success,6862.94
TXN-000747,2026-01-26,Client_1003,Retail,success,9116.96
TXN-000748,2026-04-28,Client_1002,E-commerce,success,4033.81
TXN-000749,2026-02-11,Client_1005,Retail,success,8747.32
TXN-000750,2026-04-11,Client_1010,Retail,success,4253.98
TXN-000751,2026-02-23,Client_1003,Bills Payment,success,5868.5
TXN-000752,2026-01-13,Client_1002,Retail,success,7878.88
TXN-000753,2026-04-22,Client_1009,Bank Transfer,success,2714.95
TXN-000754,2026-03-25,Client_1008,Retail,success,470.91
TXN-000755,2026-02-05,Client_1007,Bills Payment,success,6840.05
TXN-000756,2026-02-21,Client_1001,Subscription,failed,3381.79
TXN-000757,2026-01-31,Client_1001,Subscription,failed,8980.61
TXN-000758,2026-01-03,Client_1006,Bank Transfer,success,8444.18
TXN-000759,2026-04-20,Client_1002,Bills Payment,success,9744.77
TXN-000760,2026-02-26,Client_1006,Bank Transfer,success,6089.29
TXN-000761,2026-01-12,Client_1004,Subscription,success,8257.3
TXN-000762,2026-04-05,Client_1008,Retail,success,8228.07
TXN-000763,2026-03-07,Client_1003,E-commerce,success,5117.27
TXN-000764,2026-01-18,Client_1009,Retail,success,2008.36
TXN-000765,2026-04-17,Client_1004,E-commerce,success,4618.84
TXN-000766,2026-04-28,Client_1006,Bills Payment,success,8252.71
TXN-000767,2026-03-06,Client_1007,E-commerce,success,2495.19
TXN-000768,2026-03-04,Client_1010,Subscription,success,8717.76
TXN-000769,2026-03-17,Client_1009,Bank Transfer,success,8392.77
TXN-000770,2026-02-03,Client_1002,Bank Transfer,success,591.55
TXN-000771,2026-04-20,Client_1010,Bills Payment,success,6509.06
TXN-000772,2026-03-28,Client_1004,Bank Transfer,success,5181.48
TXN-000773,2026-04-21,Client_1001,Subscription,failed,6508.98
TXN-000774,2026-03-18,Client_1001,Bills Payment,success,8070.35
TXN-000775,2026-02-09,Client_1005,Subscription,failed,8530.7
TXN-000776,2026-02-28,Client_1005,Bills Payment,success,6804.24
TXN-000777,2026-04-16,Client_1010,Subscription,success,172.74
TXN-000778,2026-03-26,Client_1006,Retail,success,6129.6
TXN-000779,2026-02-08,Client_1002,Subscription,success,9884.77
TXN-000780,2026-03-23,Client_1006,Bank Transfer,success,7139.83
TXN-000781,2026-04-25,Client_1005,Bills Payment,success,7678.2
TXN-000782,2026-04-26,Client_1001,Retail,success,3263.9
TXN-000783,2026-01-18,Client_1001,Subscription,refunded,2668.32
TXN-000784,2026-02-23,Client_1007,Subscription,success,5871.93
TXN-000785,2026-03-15,Client_1004,Bank Transfer,success,2301.4
TXN-000786,2026-03-10,Client_1008,Bank Transfer,success,8469.65
TXN-000787,2026-04-18,Client_1009,Bills Payment,success,4760.73
TXN-000788,2026-04-05,Client_1005,Retail,success,1912.38
TXN-000789,2026-03-29,Client_1006,E-commerce,success,2310.95
TXN-000790,2026-04-22,Client_1005,Subscription,success,3380.04
TXN-000791,2026-02-03,Client_1010,Bank Transfer,success,1266.04
TXN-000792,2026-01-07,Client_1010,Retail,failed,805.04
TXN-000793,2026-04-24,Client_1004,Retail,success,6838.91
TXN-000794,2026-03-09,Client_1005,Subscription,success,8556.97
TXN-000795,2026-01-18,Client_1004,Bank Transfer,success,5737.1
TXN-000796,2026-04-27,Client_1008,Bills Payment,success,7185.12
TXN-000797,2026-04-10,Client_1002,Subscription,success,9867.74
TXN-000798,2026-02-10,Client_1001,E-commerce,success,2172.89
TXN-000799,2026-04-10,Client_1003,Retail,success,4946.81
TXN-000800,2026-04-08,Client_1002,Bills Payment,success,6371.53
TXN-000801,2026-02-21,Client_1007,Subscription,success,473.48
TXN-000802,2026-01-26,Client_1006,E-commerce,failed,7592.79
TXN-000803,2026-03-09,Client_1004,E-commerce,success,6304.2
TXN-000804,2026-02-01,Client_1004,Bank Transfer,success,1116.81
TXN-000805,2026-03-06,Client_1010,Bank Transfer,success,8256.05
TXN-000806,2026-02-08,Client_1005,Subscription,success,6004.06
TXN-000807,2026-02-13,Client_1007,Bills Payment,success,9023.7
TXN-000808,2026-02-15,Client_1004,Bills Payment,failed,9190.23
TXN-000809,2026-02-21,Client_1001,Bills Payment,success,9850.31
TXN-000810,2026-01-28,Client_1001,Retail,success,1319.3
TXN-000811,2026-04-02,Client_1001,Subscription,success,2632.31
TXN-000812,2026-03-10,Client_1010,E-commerce,success,574.81
TXN-000813,2026-01-14,Client_1001,E-commerce,success,4226.08
TXN-000814,2026-02-18,Client_1002,Retail,success,7048.5
TXN-000815,2026-01-27,Client_1001,Bank Transfer,success,1099.7
TXN-000816,2026-03-08,Client_1005,Retail,success,1457.92
TXN-000817,2026-04-17,Client_1002,Retail,success,1265.57
TXN-000818,2026-01-15,Client_1002,Subscription,success,2077.52
TXN-000819,2026-02-03,Client_1009,Bills Payment,success,4156.59
TXN-000820,2026-01-21,Client_1001,Retail,success,2156.17
TXN-000821,2026-04-30,Client_1008,Bank Transfer,success,226.22
TXN-000822,2026-01-12,Client_1002,Retail,success,1576.53
TXN-000823,2026-01-12,Client_1009,E-commerce,success,1102.78
TXN-000824,2026-02-02,Client_1004,Subscription,refunded,3030.62
TXN-000825,2026-03-01,Client_1001,E-commerce,success,8753.99
TXN-000826,2026-04-20,Client_1005,Bank Transfer,success,3195.8
TXN-000827,2026-04-05,Client_1002,E-commerce,success,8913.89
TXN-000828,2026-01-02,Client_1003,Bills Payment,success,8955.82
TXN-000829,2026-03-21,Client_1005,E-commerce,success,3492.95
TXN-000830,2026-01-15,Client_1007,Subscription,refunded,2791.15
TXN-000831,2026-02-19,Client_1008,Subscription,success,7989.4
TXN-000832,2026-01-15,Client_1003,E-commerce,refunded,8459.06
TXN-000833,2026-01-14,Client_1007,Retail,success,5732.54
TXN-000834,2026-02-26,Client_1003,Retail,success,3650.13
TXN-000835,2026-01-04,Client_1003,Subscription,failed,1218.08
TXN-000836,2026-02-22,Client_1008,E-commerce,success,6584.24
TXN-000837,2026-01-02,Client_1009,Retail,success,2317.45
TXN-000838,2026-03-27,Client_1006,Retail,success,7035.74
TXN-000839,2026-01-13,Client_1007,Bills Payment,success,6670.74
TXN-000840,2026-03-24,Client_1007,Bills Payment,success,5627.61
TXN-000841,2026-03-20,Client_1001,E-commerce,success,1653.58
TXN-000842,2026-04-19,Client_1008,Subscription,success,841.17
TXN-000843,2026-03-04,Client_1006,Bills Payment,success,2853.76
TXN-000844,2026-03-06,Client_1004,Retail,success,4092.44
TXN-000845,2026-01-31,Client_1002,Subscription,success,5773.05
TXN-000846,2026-01-12,Client_1008,Subscription,success,9808.64
TXN-000847,2026-04-06,Client_1001,E-commerce,success,454.74
TXN-000848,2026-03-12,Client_1001,E-commerce,success,9635.4
TXN-000849,2026-03-23,Client_1005,Retail,success,6580.5
TXN-000850,2026-02-28,Client_1006,Bank Transfer,success,8184.23
TXN-000851,2026-04-19,Client_1008,Bank Transfer,success,6235.6
TXN-000852,2026-03-02,Client_1006,Subscription,success,7617.27
TXN-000853,2026-01-29,Client_1001,Bank Transfer,success,6373.25
TXN-000854,2026-04-13,Client_1005,Retail,success,7050.75
TXN-000855,2026-01-06,Client_1003,Subscription,success,7196.88
TXN-000856,2026-04-03,Client_1007,E-commerce,success,2039.62
TXN-000857,2026-01-16,Client_1007,Bills Payment,success,7836.06
TXN-000858,2026-04-02,Client_1006,E-commerce,success,560.35
TXN-000859,2026-03-23,Client_1010,E-commerce,success,4560.0
TXN-000860,2026-03-26,Client_1010,Retail,success,5038.4
TXN-000861,2026-03-09,Client_1001,Retail,failed,8404.28
TXN-000862,2026-03-03,Client_1009,Bills Payment,success,1819.14
TXN-000863,2026-04-15,Client_1003,E-commerce,success,6045.41
TXN-000864,2026-04-23,Client_1006,Retail,failed,4244.78
TXN-000865,2026-03-19,Client_1004,Bank Transfer,success,3494.3
TXN-000866,2026-02-07,Client_1008,Bills Payment,success,6064.99
TXN-000867,2026-04-24,Client_1009,Bank Transfer,success,5523.28
TXN-000868,2026-02-10,Client_1009,Bills Payment,success,6279.26
TXN-000869,2026-02-07,Client_1006,Bills Payment,refunded,6535.86
TXN-000870,2026-01-23,Client_1009,Retail,success,3291.58
TXN-000871,2026-01-15,Client_1006,Retail,success,5749.32
TXN-000872,2026-03-27,Client_1007,Retail,success,8488.28
TXN-000873,2026-04-14,Client_1001,Retail,success,3870.62
TXN-000874,2026-01-07,Client_1001,Bills Payment,success,7876.77
TXN-000875,2026-02-06,Client_1005,Bills Payment,success,6936.89
TXN-000876,2026-02-07,Client_1004,Retail,success,8158.86
TXN-000877,2026-01-14,Client_1010,Retail,success,7449.89
TXN-000878,2026-03-13,Client_1007,Bills Payment,success,7988.65
TXN-000879,2026-03-31,Client_1005,E-commerce,failed,3936.79
TXN-000880,2026-04-11,Client_1006,Retail,success,7462.33
TXN-000881,2026-01-26,Client_1010,Subscription,success,9123.72
TXN-000882,2026-04-01,Client_1006,Retail,success,6073.53
TXN-000883,2026-04-10,Client_1004,Bank Transfer,success,9836.19
TXN-000884,2026-01-10,Client_1003,Bills Payment,success,1281.6
TXN-000885,2026-01-06,Client_1007,Bank Transfer,success,1387.66
TXN-000886,2026-03-16,Client_1005,E-commerce,success,7125.92
TXN-000887,2026-01-20,Client_1001,Bills Payment,failed,6009.12
TXN-000888,2026-04-10,Client_1010,Bank Transfer,success,5769.5
TXN-000889,2026-02-15,Client_1002,Bank Transfer,success,9574.18
TXN-000890,2026-03-08,Client_1002,Retail,success,5476.49
TXN-000891,2026-02-21,Client_1002,Bank Transfer,success,2212.2
TXN-000892,2026-02-12,Client_1006,Bank Transfer,success,9508.05
TXN-000893,2026-03-21,Client_1009,Subscription,refunded,8254.52
TXN-000894,2026-03-25,Client_1001,E-commerce,success,4512.11
TXN-000895,2026-04-26,Client_1010,Retail,success,494.78
TXN-000896,2026-04-24,Client_1006,Subscription,failed,9455.38
TXN-000897,2026-02-19,Client_1005,Retail,success,344.59
TXN-000898,2026-03-08,Client_1006,Retail,success,4511.01
TXN-000899,2026-01-06,Client_1005,Bills Payment,success,915.22
TXN-000900,2026-01-13,Client_1003,Retail,success,6306.64
TXN-000901,2026-01-27,Client_1004,Subscription,success,2135.24
TXN-000902,2026-04-17,Client_1007,E-commerce,success,1622.17
TXN-000903,2026-02-28,Client_1006,E-commerce,success,637.25
TXN-000904,2026-04-12,Client_1005,Retail,success,8234.03
TXN-000905,2026-04-27,Client_1005,Subscription,success,6339.15
TXN-000906,2026-02-25,Client_1006,E-commerce,success,1271.23
TXN-000907,2026-01-01,Client_1010,E-commerce,success,5897.52
TXN-000908,2026-03-31,Client_1002,Bank Transfer,failed,1150.74
TXN-000909,2026-04-11,Client_1005,Retail,success,7676.21
TXN-000910,2026-02-26,Client_1007,Subscription,success,405.11
TXN-000911,2026-01-21,Client_1009,Bills Payment,success,3970.83
TXN-000912,2026-04-13,Client_1009,Bank Transfer,refunded,1526.35
TXN-000913,2026-03-28,Client_1006,E-commerce,success,5595.19
TXN-000914,2026-01-16,Client_1001,E-commerce,success,4001.41
TXN-000915,2026-03-12,Client_1002,Bank Transfer,success,7440.16
TXN-000916,2026-04-03,Client_1006,Bills Payment,success,6494.72
TXN-000917,2026-03-07,Client_1003,Bills Payment,success,6207.16
TXN-000918,2026-02-02,Client_1004,E-commerce,success,8016.63
TXN-000919,2026-04-20,Client_1001,Retail,success,5541.68
TXN-000920,2026-02-07,Client_1002,Bank Transfer,success,7283.33
TXN-000921,2026-03-04,Client_1006,Bank Transfer,success,6589.18
TXN-000922,2026-01-13,Client_1005,Retail,success,2015.64
TXN-000923,2026-03-04,Client_1008,Bank Transfer,success,3126.19
TXN-000924,2026-03-16,Client_1003,Retail,success,8096.23
TXN-000925,2026-02-24,Client_1003,E-commerce,success,7878.04
TXN-000926,2026-04-02,Client_1007,Bank Transfer,success,1429.63
TXN-000927,2026-04-04,Client_1006,Subscription,success,3651.54
TXN-000928,2026-02-09,Client_1008,Retail,success,6490.96
TXN-000929,2026-01-11,Client_1005,Bills Payment,failed,2044.68
TXN-000930,2026-04-04,Client_1002,E-commerce,failed,8510.91
TXN-000931,2026-03-22,Client_1001,Retail,success,7715.08
TXN-000932,2026-01-28,Client_1001,Retail,success,8950.46
TXN-000933,2026-03-11,Client_1008,Bills Payment,success,2310.74
TXN-000934,2026-04-09,Client_1010,Bank Transfer,success,5061.12
TXN-000935,2026-01-12,Client_1007,Bank Transfer,success,6660.52
TXN-000936,2026-04-19,Client_1010,Bills Payment,success,1489.67
TXN-000937,2026-01-21,Client_1003,Retail,failed,6628.19
TXN-000938,2026-01-19,Client_1008,Bank Transfer,success,7638.58
TXN-000939,2026-01-30,Client_1002,Bank Transfer,success,523.8
TXN-000940,2026-01-27,Client_1009,Bank Transfer,success,9187.23
TXN-000941,2026-04-23,Client_1001,E-commerce,refunded,3308.3
TXN-000942,2026-04-01,Client_1009,Bank Transfer,success,2706.83
TXN-000943,2026-03-11,Client_1010,Bills Payment,success,3847.33
TXN-000944,2026-03-17,Client_1002,Retail,success,9729.47
TXN-000945,2026-01-29,Client_1009,Subscription,success,8690.42
TXN-000946,2026-03-04,Client_1008,Retail,success,8832.14
TXN-000947,2026-02-26,Client_1003,Bills Payment,success,6470.42
TXN-000948,2026-01-28,Client_1003,Bills Payment,success,6060.0
TXN-000949,2026-04-15,Client_1002,Bills Payment,success,3369.23
TXN-000950,2026-01-15,Client_1008,Subscription,success,5948.83
TXN-000951,2026-03-24,Client_1007,E-commerce,success,1366.06
TXN-000952,2026-03-17,Client_1003,Bills Payment,success,487.99
TXN-000953,2026-03-15,Client_1003,E-commerce,success,9232.22
TXN-000954,2026-03-08,Client_1007,Retail,refunded,6412.46
TXN-000955,2026-04-23,Client_1005,E-commerce,success,6104.61
TXN-000956,2026-03-02,Client_1008,Bills Payment,success,4166.59
TXN-000957,2026-01-19,Client_1010,Bills Payment,success,5156.97
TXN-000958,2026-01-22,Client_1006,Subscription,success,781.54
TXN-000959,2026-02-18,Client_1007,Bills Payment,success,2103.25
TXN-000960,2026-04-21,Client_1009,Subscription,success,6094.56
TXN-000961,2026-01-23,Client_1008,Retail,success,8789.75
TXN-000962,2026-03-10,Client_1009,E-commerce,success,6627.99
TXN-000963,2026-04-26,Client_1010,Retail,success,8979.99
TXN-000964,2026-04-10,Client_1007,Retail,success,8760.76
TXN-000965,2026-03-31,Client_1009,Subscription,success,8042.77
TXN-000966,2026-04-12,Client_1007,Bank Transfer,success,7439.8
TXN-000967,2026-04-08,Client_1010,E-commerce,success,2619.73
TXN-000968,2026-04-09,Client_1004,E-commerce,success,8779.99
TXN-000969,2026-02-22,Client_1005,Bills Payment,success,7462.09
TXN-000970,2026-01-01,Client_1010,Retail,success,171.22
TXN-000971,2026-03-25,Client_1004,Bank Transfer,success,1155.17
TXN-000972,2026-02-24,Client_1010,Bank Transfer,success,5407.44
TXN-000973,2026-03-14,Client_1006,Retail,success,6838.0
TXN-000974,2026-04-07,Client_1004,Subscription,success,5619.87
TXN-000975,2026-01-23,Client_1006,Retail,success,2612.4
TXN-000976,2026-02-09,Client_1010,Bank Transfer,success,4041.48
TXN-000977,2026-01-18,Client_1002,Bills Payment,success,7023.18
TXN-000978,2026-01-21,Client_1002,Bills Payment,success,7882.2
TXN-000979,2026-04-13,Client_1009,Retail,success,7097.22
TXN-000980,2026-01-21,Client_1007,E-commerce,success,8250.23
TXN-000981,2026-03-02,Client_1010,Subscription,success,2704.61
TXN-000982,2026-02-17,Client_1002,Retail,success,3904.83
TXN-000983,2026-02-21,Client_1010,Retail,success,9638.95
TXN-000984,2026-01-08,Client_1003,Subscription,success,2096.9
TXN-000985,2026-03-26,Client_1009,Bank Transfer,success,7861.2
TXN-000986,2026-03-07,Client_1009,Bills Payment,success,6772.84
TXN-000987,2026-02-16,Client_1004,E-commerce,refunded,959.74
TXN-000988,2026-02-05,Client_1007,Bank Transfer,success,4113.96
TXN-000989,2026-01-26,Client_1009,E-commerce,success,779.31
TXN-000990,2026-01-12,Client_1009,Bank Transfer,success,5635.23
TXN-000991,2026-03-16,Client_1006,Bank Transfer,refunded,2837.43
TXN-000992,2026-03-19,Client_1004,Subscription,failed,5791.58
TXN-000993,2026-02-03,Client_1003,Subscription,success,5630.44
TXN-000994,2026-03-06,Client_1005,Bank Transfer,failed,8049.13
TXN-000995,2026-02-02,Client_1009,Retail,success,4483.41
TXN-000996,2026-02-18,Client_1010,Subscription,success,7598.99
TXN-000997,2026-04-10,Client_1008,Subscription,failed,8634.03
TXN-000998,2026-03-03,Client_1002,Bank Transfer,success,6373.25
TXN-000999,2026-01-29,Client_1004,Bank Transfer,success,3595.65
TXN-001000,2026-03-10,Client_1001,Bank Transfer,success,1020.79
TXN-001001,2026-03-28,Client_1006,E-commerce,success,1867.01
TXN-001002,2026-02-10,Client_1006,Bills Payment,failed,2763.85
TXN-001003,2026-04-06,Client_1004,Subscription,success,2425.13
TXN-001004,2026-01-31,Client_1005,Bills Payment,success,8365.91
TXN-001005,2026-04-18,Client_1010,Bank Transfer,success,1156.22
TXN-001006,2026-04-28,Client_1002,Subscription,success,7666.02
TXN-001007,2026-03-11,Client_1001,Subscription,success,3222.63
TXN-001008,2026-04-25,Client_1010,Bank Transfer,success,9845.51
TXN-001009,2026-04-28,Client_1009,Bank Transfer,success,7526.68
TXN-001010,2026-01-17,Client_1001,Retail,success,4835.37
TXN-001011,2026-03-11,Client_1001,Retail,success,8617.96
TXN-001012,2026-04-10,Client_1003,Subscription,refunded,7012.62
TXN-001013,2026-02-28,Client_1006,E-commerce,success,2186.45
TXN-001014,2026-03-16,Client_1002,Bank Transfer,success,8632.24
TXN-001015,2026-01-24,Client_1009,Bank Transfer,success,4766.32
TXN-001016,2026-03-20,Client_1006,Bank Transfer,success,4297.03
TXN-001017,2026-02-23,Client_1006,Bank Transfer,success,2868.33
TXN-001018,2026-01-24,Client_1010,Bills Payment,refunded,6891.52
TXN-001019,2026-04-15,Client_1002,Bank Transfer,success,5597.87
TXN-001020,2026-04-20,Client_1007,Bills Payment,success,9595.56
TXN-001021,2026-01-20,Client_1008,E-commerce,success,5046.02
TXN-001022,2026-04-25,Client_1009,Retail,success,7874.8
TXN-001023,2026-02-08,Client_1005,Retail,success,572.32
TXN-001024,2026-01-13,Client_1003,E-commerce,success,2617.47
TXN-001025,2026-04-18,Client_1002,Subscription,success,2671.71
TXN-001026,2026-02-16,Client_1009,Retail,failed,2651.38
TXN-001027,2026-01-03,Client_1007,E-commerce,success,6827.9
TXN-001028,2026-03-19,Client_1004,Retail,success,6526.4
TXN-001029,2026-01-23,Client_1005,Bank Transfer,success,5153.4
TXN-001030,2026-04-10,Client_1008,E-commerce,success,2936.58
TXN-001031,2026-03-22,Client_1003,Bills Payment,success,9292.81
TXN-001032,2026-02-23,Client_1010,Retail,success,9080.02
TXN-001033,2026-01-11,Client_1003,Bank Transfer,success,3237.09
TXN-001034,2026-02-07,Client_1005,Retail,success,2785.36
TXN-001035,2026-02-26,Client_1006,Retail,success,4557.86
TXN-001036,2026-01-22,Client_1003,E-commerce,success,2422.81
TXN-001037,2026-02-02,Client_1002,Bills Payment,success,1119.79
TXN-001038,2026-01-09,Client_1008,Retail,success,7732.24
TXN-001039,2026-03-09,Client_1002,E-commerce,success,1637.22
TXN-001040,2026-03-25,Client_1007,Bank Transfer,success,7402.17
TXN-001041,2026-02-26,Client_1003,Bills Payment,success,1789.02
TXN-001042,2026-01-05,Client_1006,Bank Transfer,success,4725.22
TXN-001043,2026-04-22,Client_1009,Bank Transfer,success,1437.64
TXN-001044,2026-03-31,Client_1009,Bills Payment,success,4619.78
TXN-001045,2026-04-06,Client_1010,Subscription,success,6431.33
TXN-001046,2026-02-09,Client_1006,Subscription,success,8066.61
TXN-001047,2026-02-26,Client_1005,Bank Transfer,success,1641.6
TXN-001048,2026-01-02,Client_1001,Retail,success,8494.67
TXN-001049,2026-02-14,Client_1005,Subscription,success,6908.92
TXN-001050,2026-03-04,Client_1008,Bank Transfer,success,4361.31
TXN-001051,2026-02-07,Client_1010,Bills Payment,success,5527.3
TXN-001052,2026-01-25,Client_1007,Retail,success,2573.97
TXN-001053,2026-04-02,Client_1007,Subscription,success,884.18
TXN-001054,2026-03-22,Client_1004,Retail,success,9108.55
TXN-001055,2026-04-14,Client_1005,Bank Transfer,success,5366.25
TXN-001056,2026-02-04,Client_1007,Bills Payment,success,1905.83
TXN-001057,2026-02-07,Client_1002,Subscription,success,2794.13
TXN-001058,2026-03-21,Client_1008,Bills Payment,success,1606.28
TXN-001059,2026-03-10,Client_1001,Bills Payment,refunded,2892.93
TXN-001060,2026-01-17,Client_1008,E-commerce,success,1591.77
TXN-001061,2026-03-05,Client_1004,Bank Transfer,success,7878.68
TXN-001062,2026-03-05,Client_1006,Subscription,success,414.2
TXN-001063,2026-01-11,Client_1003,E-commerce,success,3984.98
TXN-001064,2026-03-11,Client_1008,Bills Payment,success,8431.24
TXN-001065,2026-04-15,Client_1007,E-commerce,success,7704.64
TXN-001066,2026-02-01,Client_1007,Subscription,success,9945.9
TXN-001067,2026-01-26,Client_1008,E-commerce,success,9822.95
TXN-001068,2026-03-02,Client_1007,Bank Transfer,failed,1670.25
TXN-001069,2026-04-04,Client_1001,Retail,success,2607.8
TXN-001070,2026-03-23,Client_1005,Bills Payment,success,615.67
TXN-001071,2026-03-27,Client_1004,E-commerce,success,4398.2
TXN-001072,2026-01-02,Client_1003,Bank Transfer,success,4018.5
TXN-001073,2026-02-01,Client_1001,E-commerce,success,6938.44
TXN-001074,2026-03-30,Client_1010,Bills Payment,success,985.85
TXN-001075,2026-01-21,Client_1008,E-commerce,success,3450.38
TXN-001076,2026-04-08,Client_1001,E-commerce,success,1623.79
TXN-001077,2026-03-10,Client_1002,Bills Payment,success,3235.72
TXN-001078,2026-03-13,Client_1006,Subscription,success,311.39
TXN-001079,2026-02-18,Client_1006,Bills Payment,success,490.94
TXN-001080,2026-04-01,Client_1008,Retail,success,7000.67
TXN-001081,2026-01-25,Client_1010,Bills Payment,success,3304.44
TXN-001082,2026-03-01,Client_1005,Retail,failed,5589.75
TXN-001083,2026-01-09,Client_1009,Bills Payment,success,8212.24
TXN-001084,2026-03-11,Client_1006,Subscription,success,6416.46
TXN-001085,2026-02-18,Client_1003,E-commerce,success,3704.34
TXN-001086,2026-03-21,Client_1004,Bank Transfer,success,6617.07
TXN-001087,2026-03-10,Client_1007,Bills Payment,success,5025.74
TXN-001088,2026-03-12,Client_1003,Retail,success,4157.06
TXN-001089,2026-02-11,Client_1002,E-commerce,success,760.13
TXN-001090,2026-04-17,Client_1003,Bills Payment,success,2100.58
TXN-001091,2026-03-04,Client_1004,E-commerce,success,6453.34
TXN-001092,2026-02-19,Client_1008,Retail,success,5943.98
TXN-001093,2026-01-07,Client_1006,Bills Payment,success,801.65
TXN-001094,2026-04-30,Client_1004,Subscription,failed,8337.57
TXN-001095,2026-03-01,Client_1001,Bank Transfer,success,9388.61
TXN-001096,2026-02-23,Client_1006,E-commerce,success,2731.57
TXN-001097,2026-01-06,Client_1002,Bank Transfer,success,2237.41
TXN-001098,2026-03-08,Client_1002,E-commerce,success,5363.44
TXN-001099,2026-01-25,Client_1004,Retail,success,5743.27
TXN-001100,2026-01-23,Client_1009,Retail,success,1144.59
TXN-001101,2026-03-23,Client_1010,Bank Transfer,success,7055.25
TXN-001102,2026-02-24,Client_1002,Bills Payment,success,5544.66
TXN-001103,2026-03-06,Client_1006,Bills Payment,success,6039.17
TXN-001104,2026-04-30,Client_1006,Bank Transfer,success,9968.82
TXN-001105,2026-04-19,Client_1006,Subscription,success,4362.82
TXN-001106,2026-04-03,Client_1006,Retail,success,5501.7
TXN-001107,2026-02-18,Client_1009,Bank Transfer,success,4578.79
TXN-001108,2026-02-20,Client_1001,E-commerce,refunded,5998.05
TXN-001109,2026-03-08,Client_1003,Bank Transfer,success,9845.5
TXN-001110,2026-01-28,Client_1006,E-commerce,success,9439.14
TXN-001111,2026-04-16,Client_1005,Retail,success,5749.62
TXN-001112,2026-03-15,Client_1003,E-commerce,success,3620.99
TXN-001113,2026-01-18,Client_1005,Bank Transfer,failed,2573.58
TXN-001114,2026-02-02,Client_1005,E-commerce,success,5733.74
TXN-001115,2026-01-28,Client_1002,Bank Transfer,success,1811.73
TXN-001116,2026-04-16,Client_1010,E-commerce,success,3073.89
TXN-001117,2026-04-04,Client_1010,Subscription,success,653.63
TXN-001118,2026-04-09,Client_1006,Bank Transfer,success,4399.61
TXN-001119,2026-04-30,Client_1002,Bills Payment,success,8509.83
TXN-001120,2026-04-29,Client_1001,Subscription,success,5291.4
TXN-001121,2026-02-10,Client_1009,Retail,success,5073.78
TXN-001122,2026-01-29,Client_1003,E-commerce,success,9973.94
TXN-001123,2026-02-27,Client_1010,Retail,success,2298.65
TXN-001124,2026-02-07,Client_1007,Bills Payment,success,917.2
TXN-001125,2026-03-15,Client_1001,Retail,success,942.28
TXN-001126,2026-03-06,Client_1007,Bills Payment,success,4861.13
TXN-001127,2026-01-26,Client_1008,Subscription,success,2041.38
TXN-001128,2026-03-20,Client_1009,Bills Payment,success,2735.95
TXN-001129,2026-02-25,Client_1006,Retail,success,6750.3
TXN-001130,2026-02-24,Client_1006,Bank Transfer,success,3510.8
TXN-001131,2026-03-25,Client_1001,Bank Transfer,success,3562.19
TXN-001132,2026-04-16,Client_1008,Retail,success,544.29
TXN-001133,2026-04-15,Client_1004,Bills Payment,success,1644.31
TXN-001134,2026-04-04,Client_1002,E-commerce,success,2506.18
TXN-001135,2026-03-21,Client_1003,Bank Transfer,success,6968.57
TXN-001136,2026-01-15,Client_1005,Subscription,success,3385.58
TXN-001137,2026-04-05,Client_1009,Bills Payment,success,5280.33
TXN-001138,2026-02-03,Client_1009,Subscription,success,9923.79
TXN-001139,2026-03-30,Client_1001,Subscription,success,6668.93
TXN-001140,2026-01-06,Client_1005,Bills Payment,success,2086.89
TXN-001141,2026-03-31,Client_1010,Bank Transfer,success,6582.1
TXN-001142,2026-01-02,Client_1002,Subscription,success,6663.52
TXN-001143,2026-04-27,Client_1006,E-commerce,success,8687.36
TXN-001144,2026-03-25,Client_1007,Bills Payment,refunded,5134.55
TXN-001145,2026-04-01,Client_1002,Bank Transfer,success,6011.35
TXN-001146,2026-01-12,Client_1003,Bills Payment,success,4634.06
TXN-001147,2026-04-29,Client_1001,E-commerce,success,5341.21
TXN-001148,2026-02-12,Client_1008,Subscription,success,281.89
TXN-001149,2026-03-29,Client_1006,Bank Transfer,success,2438.43
TXN-001150,2026-03-06,Client_1005,E-commerce,success,8798.91
TXN-001151,2026-04-24,Client_1001,Retail,failed,2333.27
TXN-001152,2026-02-13,Client_1007,Bills Payment,success,3883.85
TXN-001153,2026-03-28,Client_1010,Bills Payment,success,5771.7
TXN-001154,2026-02-24,Client_1005,Retail,success,5468.11
TXN-001155,2026-01-27,Client_1003,Retail,success,8021.04
TXN-001156,2026-04-21,Client_1003,Bank Transfer,success,8996.57
TXN-001157,2026-04-27,Client_1003,Subscription,refunded,9760.19
TXN-001158,2026-01-19,Client_1010,Bills Payment,success,5617.67
TXN-001159,2026-04-03,Client_1002,Bills Payment,success,8808.42
TXN-001160,2026-04-04,Client_1001,Bank Transfer,failed,4199.0
TXN-001161,2026-02-22,Client_1005,Subscription,success,8234.82
TXN-001162,2026-03-23,Client_1005,Bills Payment,success,1157.04
TXN-001163,2026-01-24,Client_1001,Retail,success,6095.48
TXN-001164,2026-03-20,Client_1004,Retail,success,6905.04
TXN-001165,2026-02-15,Client_1002,Subscription,success,8476.77
TXN-001166,2026-03-02,Client_1006,Bills Payment,success,4965.31
TXN-001167,2026-01-18,Client_1003,Bills Payment,success,4145.03
TXN-001168,2026-01-02,Client_1005,Subscription,success,6746.26
TXN-001169,2026-01-26,Client_1004,E-commerce,success,9551.52
TXN-001170,2026-02-26,Client_1010,Subscription,success,8681.07
TXN-001171,2026-04-24,Client_1004,Subscription,success,514.08
TXN-001172,2026-04-05,Client_1007,Bank Transfer,success,9397.48
TXN-001173,2026-03-15,Client_1010,Retail,success,8770.25
TXN-001174,2026-04-11,Client_1001,Retail,success,4623.31
TXN-001175,2026-04-23,Client_1001,Bills Payment,success,4016.55
TXN-001176,2026-04-05,Client_1001,Retail,success,7675.08
TXN-001177,2026-01-07,Client_1004,Bank Transfer,success,8855.54
TXN-001178,2026-04-10,Client_1005,Subscription,success,3014.76
TXN-001179,2026-04-28,Client_1001,Retail,failed,4689.43
TXN-001180,2026-03-24,Client_1008,E-commerce,success,1220.4
TXN-001181,2026-04-10,Client_1010,Retail,success,4194.24
TXN-001182,2026-02-27,Client_1001,Bills Payment,success,8976.51
TXN-001183,2026-04-25,Client_1004,Subscription,success,3308.34
TXN-001184,2026-03-25,Client_1003,E-commerce,success,7091.64
TXN-001185,2026-03-23,Client_1006,E-commerce,success,3902.47
TXN-001186,2026-04-12,Client_1009,Retail,failed,3848.92
TXN-001187,2026-02-18,Client_1001,Bills Payment,failed,5698.37
TXN-001188,2026-03-26,Client_1003,Bills Payment,success,1870.78
TXN-001189,2026-04-02,Client_1001,Subscription,success,7328.6
TXN-001190,2026-02-27,Client_1005,Bills Payment,success,1402.55
TXN-001191,2026-01-26,Client_1001,Retail,success,220.86
TXN-001192,2026-03-05,Client_1008,Retail,success,6119.04
TXN-001193,2026-03-05,Client_1004,Bills Payment,success,4809.55
TXN-001194,2026-02-22,Client_1008,E-commerce,success,165.07
TXN-001195,2026-04-23,Client_1009,Bank Transfer,success,5619.73
TXN-001196,2026-04-16,Client_1004,E-commerce,success,645.13
TXN-001197,2026-02-14,Client_1001,Bills Payment,success,6703.27
TXN-001198,2026-04-18,Client_1010,Bank Transfer,success,968.26
TXN-001199,2026-01-14,Client_1007,Bills Payment,success,2915.37
TXN-001200,2026-03-26,Client_1010,Retail,success,1856.45
TXN-001201,2026-02-28,Client_1010,Bank Transfer,failed,1021.95
TXN-001202,2026-02-08,Client_1006,Bank Transfer,failed,8220.62
TXN-001203,2026-04-08,Client_1007,Retail,success,4761.09
TXN-001204,2026-01-16,Client_1005,Bank Transfer,success,5294.0
TXN-001205,2026-03-31,Client_1004,Retail,success,5756.53
TXN-001206,2026-03-22,Client_1009,E-commerce,success,6917.68
TXN-001207,2026-04-30,Client_1005,Subscription,success,3233.24
TXN-001208,2026-03-09,Client_1010,Retail,success,1384.16
TXN-001209,2026-03-14,Client_1008,Retail,success,5027.64
TXN-001210,2026-04-14,Client_1003,Retail,success,2975.83
TXN-001211,2026-01-25,Client_1001,E-commerce,success,6292.06
TXN-001212,2026-01-16,Client_1004,Retail,refunded,4199.01
TXN-001213,2026-02-12,Client_1006,Retail,success,2202.15
TXN-001214,2026-03-23,Client_1004,Bank Transfer,success,771.58
TXN-001215,2026-02-08,Client_1009,Retail,success,160.7
TXN-001216,2026-03-29,Client_1006,Bank Transfer,success,5732.32
TXN-001217,2026-01-04,Client_1003,Bills Payment,success,3445.57
TXN-001218,2026-03-28,Client_1008,Subscription,success,6491.96
TXN-001219,2026-03-03,Client_1003,Subscription,failed,5415.98
TXN-001220,2026-02-12,Client_1008,Subscription,failed,654.62
TXN-001221,2026-03-08,Client_1005,Retail,success,3223.48
TXN-001222,2026-03-10,Client_1001,Bills Payment,success,3384.02
TXN-001223,2026-04-28,Client_1006,E-commerce,refunded,2876.55
TXN-001224,2026-01-04,Client_1006,Subscription,success,8439.82
TXN-001225,2026-03-15,Client_1010,Subscription,success,1256.76
TXN-001226,2026-04-11,Client_1005,Bank Transfer,success,2787.82
TXN-001227,2026-01-12,Client_1008,Bills Payment,success,8311.63
TXN-001228,2026-02-08,Client_1004,Retail,success,1211.09
TXN-001229,2026-04-11,Client_1001,Bills Payment,failed,4493.36
TXN-001230,2026-01-04,Client_1008,Retail,success,3467.15
TXN-001231,2026-03-03,Client_1009,Bank Transfer,success,1518.62
TXN-001232,2026-04-22,Client_1002,Retail,success,1413.9
TXN-001233,2026-04-03,Client_1001,Subscription,success,8661.62
TXN-001234,2026-01-15,Client_1001,Bank Transfer,failed,6901.82
TXN-001235,2026-03-18,Client_1002,Bank Transfer,success,556.78
TXN-001236,2026-03-08,Client_1005,E-commerce,success,3190.21
TXN-001237,2026-04-25,Client_1004,Bank Transfer,success,2937.02
TXN-001238,2026-03-10,Client_1006,Subscription,success,2799.28
TXN-001239,2026-01-21,Client_1005,E-commerce,success,6267.16
TXN-001240,2026-03-07,Client_1002,Bills Payment,success,5538.72
TXN-001241,2026-02-04,Client_1003,Bank Transfer,success,1795.62
TXN-001242,2026-02-09,Client_1010,Bank Transfer,success,602.19
TXN-001243,2026-01-04,Client_1008,E-commerce,success,632.62
TXN-001244,2026-02-24,Client_1007,Bills Payment,success,8923.63
TXN-001245,2026-03-22,Client_1008,Retail,success,3390.09
TXN-001246,2026-01-26,Client_1009,E-commerce,refunded,7581.86
TXN-001247,2026-03-01,Client_1010,Bills Payment,success,8043.27
TXN-001248,2026-03-31,Client_1008,E-commerce,success,6876.33
TXN-001249,2026-04-01,Client_1008,Subscription,success,2315.57
TXN-001250,2026-04-21,Client_1010,Bank Transfer,failed,3981.56
TXN-001251,2026-03-31,Client_1006,Bank Transfer,success,399.61
TXN-001252,2026-03-02,Client_1002,Bank Transfer,success,8473.09
TXN-001253,2026-02-06,Client_1006,Retail,success,5128.7
TXN-001254,2026-02-21,Client_1002,Bank Transfer,success,802.15
TXN-001255,2026-02-08,Client_1009,Subscription,success,4193.07
TXN-001256,2026-03-21,Client_1004,Retail,success,4875.51
TXN-001257,2026-01-09,Client_1006,Bills Payment,success,5950.6
TXN-001258,2026-04-11,Client_1007,Retail,success,5490.82
TXN-001259,2026-01-31,Client_1003,E-commerce,success,7147.9
TXN-001260,2026-04-18,Client_1008,E-commerce,success,4682.79
TXN-001261,2026-03-13,Client_1002,Subscription,success,9563.25
TXN-001262,2026-01-09,Client_1010,E-commerce,success,6004.41
TXN-001263,2026-04-15,Client_1007,Bank Transfer,success,6635.63
TXN-001264,2026-01-12,Client_1004,Bills Payment,failed,9042.23
TXN-001265,2026-03-23,Client_1001,Bills Payment,success,4584.45
TXN-001266,2026-02-07,Client_1007,Retail,success,2037.1
TXN-001267,2026-03-29,Client_1006,Bank Transfer,success,9140.72
TXN-001268,2026-02-08,Client_1007,Bank Transfer,refunded,5869.0
TXN-001269,2026-03-20,Client_1009,Subscription,success,8539.8
TXN-001270,2026-01-08,Client_1006,Retail,refunded,108.35
TXN-001271,2026-03-13,Client_1006,E-commerce,success,8670.23
TXN-001272,2026-01-31,Client_1007,Retail,success,3249.46
TXN-001273,2026-02-18,Client_1007,Subscription,success,2191.04
TXN-001274,2026-01-23,Client_1008,Bills Payment,success,3907.49
TXN-001275,2026-04-29,Client_1006,Subscription,success,9974.81
TXN-001276,2026-03-27,Client_1003,Bills Payment,success,6519.05
TXN-001277,2026-01-19,Client_1008,Subscription,refunded,1444.18
TXN-001278,2026-01-18,Client_1007,Subscription,failed,6984.37
TXN-001279,2026-04-30,Client_1007,Retail,success,5143.21
TXN-001280,2026-03-12,Client_1008,Subscription,success,1939.33
TXN-001281,2026-03-19,Client_1001,Retail,success,7336.04
TXN-001282,2026-04-02,Client_1009,Bank Transfer,success,5507.05
TXN-001283,2026-02-16,Client_1001,E-commerce,success,7078.34
TXN-001284,2026-01-15,Client_1010,Subscription,refunded,892.62
TXN-001285,2026-04-04,Client_1009,Bank Transfer,success,874.52
TXN-001286,2026-04-24,Client_1010,E-commerce,success,6343.56
TXN-001287,2026-03-26,Client_1002,Retail,success,3193.75
TXN-001288,2026-01-07,Client_1006,Retail,success,4741.8
TXN-001289,2026-03-07,Client_1008,Retail,success,4268.06
TXN-001290,2026-04-13,Client_1005,Bank Transfer,success,6981.01
TXN-001291,2026-03-18,Client_1005,Retail,success,6330.07
TXN-001292,2026-03-16,Client_1003,Retail,success,9904.61
TXN-001293,2026-04-14,Client_1010,E-commerce,success,916.85
TXN-001294,2026-03-06,Client_1002,Bank Transfer,success,6196.4
TXN-001295,2026-02-05,Client_1005,E-commerce,success,6077.83
TXN-001296,2026-04-27,Client_1010,Bills Payment,success,3760.69
TXN-001297,2026-01-23,Client_1005,Bills Payment,success,8013.78
TXN-001298,2026-04-21,Client_1001,Bank Transfer,refunded,9676.72
TXN-001299,2026-03-18,Client_1003,Subscription,success,4188.18
TXN-001300,2026-02-19,Client_1004,Subscription,success,1756.1
TXN-001301,2026-03-15,Client_1006,E-commerce,success,7579.29
TXN-001302,2026-01-15,Client_1001,Bills Payment,success,4814.7
TXN-001303,2026-03-02,Client_1009,Bills Payment,success,7085.52
TXN-001304,2026-03-02,Client_1005,Bills Payment,success,4403.87
TXN-001305,2026-02-06,Client_1008,Subscription,success,9621.45
TXN-001306,2026-03-29,Client_1001,E-commerce,failed,6410.5
TXN-001307,2026-04-19,Client_1007,Retail,failed,8597.72
TXN-001308,2026-02-12,Client_1005,Bank Transfer,success,2627.9
TXN-001309,2026-03-16,Client_1007,Subscription,success,7516.0
TXN-001310,2026-04-04,Client_1010,Bills Payment,success,6809.41
TXN-001311,2026-01-24,Client_1006,Retail,success,183.91
TXN-001312,2026-01-09,Client_1001,Subscription,success,1128.68
TXN-001313,2026-02-27,Client_1006,Bills Payment,success,2593.77
TXN-001314,2026-01-05,Client_1001,Retail,success,9391.2
TXN-001315,2026-03-26,Client_1004,Retail,success,7109.94
TXN-001316,2026-01-16,Client_1002,Retail,success,6598.31
TXN-001317,2026-04-26,Client_1010,Bills Payment,failed,6986.97
TXN-001318,2026-02-02,Client_1005,Subscription,success,849.57
TXN-001319,2026-02-28,Client_1005,Subscription,success,6709.03
TXN-001320,2026-04-09,Client_1006,Bank Transfer,success,832.57
TXN-001321,2026-04-10,Client_1001,Subscription,success,9959.99
TXN-001322,2026-02-03,Client_1005,Bills Payment,success,4968.05
TXN-001323,2026-04-29,Client_1004,Retail,success,6490.28
TXN-001324,2026-01-14,Client_1003,Retail,success,2262.03
TXN-001325,2026-03-24,Client_1002,Subscription,success,1122.54
TXN-001326,2026-01-10,Client_1002,Retail,success,7794.65
TXN-001327,2026-01-03,Client_1008,Bills Payment,success,108.59
TXN-001328,2026-01-05,Client_1007,Bank Transfer,success,3365.33
TXN-001329,2026-02-20,Client_1010,E-commerce,success,9405.12
TXN-001330,2026-03-04,Client_1008,Subscription,success,7304.9
TXN-001331,2026-04-14,Client_1002,Retail,success,3905.8
TXN-001332,2026-03-30,Client_1008,E-commerce,success,9356.92
TXN-001333,2026-02-15,Client_1006,Bank Transfer,success,6359.5
TXN-001334,2026-03-24,Client_1002,Bank Transfer,success,9613.16
TXN-001335,2026-01-11,Client_1008,Bank Transfer,success,1848.52
TXN-001336,2026-01-06,Client_1007,Bills Payment,success,3962.04
TXN-001337,2026-01-14,Client_1006,Subscription,success,6364.63
TXN-001338,2026-04-05,Client_1004,Bills Payment,success,351.11
TXN-001339,2026-03-17,Client_1004,Subscription,success,7948.12
TXN-001340,2026-03-24,Client_1005,Subscription,success,8359.08
TXN-001341,2026-02-27,Client_1001,E-commerce,success,3443.41
TXN-001342,2026-04-03,Client_1001,Subscription,success,8090.33
TXN-001343,2026-03-27,Client_1009,Subscription,failed,8714.98
TXN-001344,2026-03-10,Client_1003,Retail,success,813.13
TXN-001345,2026-04-05,Client_1003,Subscription,success,4765.07
TXN-001346,2026-04-28,Client_1010,E-commerce,success,6522.99
TXN-001347,2026-01-02,Client_1003,E-commerce,failed,8225.32
TXN-001348,2026-01-13,Client_1008,Retail,success,5951.32
TXN-001349,2026-04-15,Client_1002,E-commerce,success,8011.83
TXN-001350,2026-01-29,Client_1002,Bills Payment,success,8134.06
TXN-001351,2026-04-05,Client_1007,Bank Transfer,success,6872.47
TXN-001352,2026-03-11,Client_1003,Bank Transfer,success,7951.71
TXN-001353,2026-04-08,Client_1001,Retail,success,725.9
TXN-001354,2026-02-05,Client_1003,Subscription,success,3762.28
TXN-001355,2026-01-22,Client_1008,Bills Payment,failed,502.92
TXN-001356,2026-01-13,Client_1010,Subscription,success,254.74
TXN-001357,2026-03-04,Client_1002,E-commerce,success,9268.76
TXN-001358,2026-04-01,Client_1010,Bank Transfer,success,8093.38
TXN-001359,2026-04-09,Client_1008,Bills Payment,success,6434.27
TXN-001360,2026-03-08,Client_1008,Subscription,success,1828.03
TXN-001361,2026-03-30,Client_1001,Retail,success,5048.89
TXN-001362,2026-01-12,Client_1005,Bank Transfer,success,5621.33
TXN-001363,2026-01-25,Client_1002,Retail,refunded,6227.32
TXN-001364,2026-04-21,Client_1009,Retail,success,7726.28
TXN-001365,2026-03-26,Client_1004,Bank Transfer,success,1215.52
TXN-001366,2026-01-20,Client_1008,Subscription,success,6734.41
TXN-001367,2026-01-06,Client_1001,Bank Transfer,success,4403.25
TXN-001368,2026-02-12,Client_1010,Subscription,success,7430.13
TXN-001369,2026-04-29,Client_1009,Bills Payment,success,387.75
TXN-001370,2026-03-07,Client_1002,E-commerce,failed,7241.89
TXN-001371,2026-03-17,Client_1010,Bank Transfer,success,7496.16
TXN-001372,2026-04-25,Client_1006,Bills Payment,success,3328.71
TXN-001373,2026-01-13,Client_1004,Subscription,success,3817.77
TXN-001374,2026-01-29,Client_1002,Subscription,success,637.96
TXN-001375,2026-02-25,Client_1003,Bills Payment,failed,4604.41
TXN-001376,2026-02-19,Client_1006,Bills Payment,success,2022.13
TXN-001377,2026-02-15,Client_1005,Bills Payment,success,417.74
TXN-001378,2026-03-14,Client_1001,Bank Transfer,success,8531.35
TXN-001379,2026-02-28,Client_1007,Bills Payment,success,2276.55
TXN-001380,2026-02-07,Client_1010,Bills Payment,success,6416.19
TXN-001381,2026-03-20,Client_1003,Retail,refunded,8564.54
TXN-001382,2026-01-12,Client_1007,Retail,success,9957.08
TXN-001383,2026-03-17,Client_1008,Subscription,success,7327.18
TXN-001384,2026-04-05,Client_1004,Bills Payment,success,5836.72
TXN-001385,2026-04-25,Client_1010,Bills Payment,failed,8992.69
TXN-001386,2026-02-23,Client_1001,E-commerce,refunded,7361.42
TXN-001387,2026-03-06,Client_1001,Subscription,success,4844.77
TXN-001388,2026-04-13,Client_1002,Subscription,success,922.61
TXN-001389,2026-04-07,Client_1001,Subscription,failed,1413.85
TXN-001390,2026-02-07,Client_1004,E-commerce,success,6723.45
TXN-001391,2026-01-21,Client_1008,Retail,success,341.69
TXN-001392,2026-02-28,Client_1008,Bills Payment,success,4113.07
TXN-001393,2026-04-12,Client_1006,Subscription,success,113.5
TXN-001394,2026-03-22,Client_1002,Subscription,failed,3395.77
TXN-001395,2026-01-05,Client_1005,Subscription,success,7010.74
TXN-001396,2026-03-20,Client_1009,Retail,success,7898.15
TXN-001397,2026-01-11,Client_1010,Bank Transfer,success,642.64
TXN-001398,2026-04-27,Client_1006,E-commerce,success,3719.35
TXN-001399,2026-03-21,Client_1001,Bank Transfer,success,6516.91
TXN-001400,2026-04-01,Client_1002,Retail,success,2126.65
TXN-001401,2026-02-12,Client_1004,Retail,success,4837.09
TXN-001402,2026-04-07,Client_1010,Bills Payment,success,7632.77
TXN-001403,2026-02-11,Client_1006,Bank Transfer,success,4287.0
TXN-001404,2026-01-07,Client_1002,Bank Transfer,success,4913.65
TXN-001405,2026-03-09,Client_1002,Subscription,success,6815.25
TXN-001406,2026-03-10,Client_1005,Subscription,success,8019.05
TXN-001407,2026-03-30,Client_1002,Bills Payment,failed,4632.95
TXN-001408,2026-01-11,Client_1007,Bills Payment,success,9570.61
TXN-001409,2026-01-14,Client_1003,Bank Transfer,success,1564.75
TXN-001410,2026-01-20,Client_1004,Retail,failed,324.63
TXN-001411,2026-02-23,Client_1009,Bills Payment,success,4259.29
TXN-001412,2026-04-05,Client_1001,Bank Transfer,success,318.16
TXN-001413,2026-04-13,Client_1004,Retail,success,4175.75
TXN-001414,2026-02-13,Client_1006,Subscription,success,6998.95
TXN-001415,2026-04-18,Client_1009,Subscription,success,5715.79
TXN-001416,2026-04-25,Client_1005,Bills Payment,success,2345.14
TXN-001417,2026-02-17,Client_1005,E-commerce,success,2915.38
TXN-001418,2026-01-22,Client_1010,Bills Payment,success,2923.94
TXN-001419,2026-01-23,Client_1003,Bills Payment,success,507.4
TXN-001420,2026-02-10,Client_1010,Bills Payment,success,3759.75
TXN-001421,2026-01-27,Client_1009,E-commerce,success,9782.42
TXN-001422,2026-01-19,Client_1006,Subscription,success,1709.72
TXN-001423,2026-02-08,Client_1002,E-commerce,success,5044.23
TXN-001424,2026-01-19,Client_1008,Bank Transfer,success,9704.49
TXN-001425,2026-03-11,Client_1009,Bank Transfer,success,3026.01
TXN-001426,2026-04-25,Client_1005,Retail,success,8015.8
TXN-001427,2026-04-04,Client_1008,Bank Transfer,success,7343.24
TXN-001428,2026-04-26,Client_1001,Bills Payment,success,1257.07
TXN-001429,2026-01-04,Client_1007,Retail,success,4515.13
TXN-001430,2026-01-12,Client_1006,E-commerce,success,2031.98
TXN-001431,2026-03-09,Client_1004,Bank Transfer,success,927.54
TXN-001432,2026-04-19,Client_1008,E-commerce,refunded,4004.79
TXN-001433,2026-03-04,Client_1006,Retail,success,9439.68
TXN-001434,2026-04-27,Client_1006,Subscription,success,8552.66
TXN-001435,2026-02-17,Client_1007,Bank Transfer,success,3514.71
TXN-001436,2026-02-09,Client_1008,Retail,success,7305.75
TXN-001437,2026-02-26,Client_1007,Subscription,success,8076.16
TXN-001438,2026-04-25,Client_1007,Subscription,success,5913.08
TXN-001439,2026-01-12,Client_1003,Bills Payment,success,9884.99
TXN-001440,2026-03-09,Client_1006,E-commerce,failed,5947.72
TXN-001441,2026-02-18,Client_1002,E-commerce,success,9152.66
TXN-001442,2026-02-23,Client_1003,Retail,success,5722.37
TXN-001443,2026-04-28,Client_1003,Bills Payment,success,3879.52
TXN-001444,2026-03-12,Client_1008,E-commerce,success,3089.73
TXN-001445,2026-03-16,Client_1005,Subscription,success,4688.17
TXN-001446,2026-01-04,Client_1001,Bills Payment,success,9564.66
TXN-001447,2026-04-17,Client_1008,E-commerce,success,8937.6
TXN-001448,2026-02-23,Client_1003,Subscription,failed,6483.38
TXN-001449,2026-01-04,Client_1002,Bank Transfer,success,9709.19
TXN-001450,2026-03-18,Client_1006,Retail,success,4417.08
TXN-001451,2026-02-03,Client_1008,E-commerce,success,7356.28
TXN-001452,2026-01-03,Client_1005,Bills Payment,success,1546.76
TXN-001453,2026-03-01,Client_1003,Bank Transfer,success,2799.44
TXN-001454,2026-02-23,Client_1006,E-commerce,success,5343.16
TXN-001455,2026-04-30,Client_1002,Retail,success,6317.5
TXN-001456,2026-04-08,Client_1002,Retail,success,5482.75
TXN-001457,2026-04-22,Client_1006,Bank Transfer,success,7009.88
TXN-001458,2026-02-16,Client_1002,Retail,success,8250.82
TXN-001459,2026-01-02,Client_1003,Retail,success,7810.2
TXN-001460,2026-02-22,Client_1006,Bills Payment,success,1630.09
TXN-001461,2026-01-29,Client_1004,Retail,success,8331.02
TXN-001462,2026-03-09,Client_1009,Retail,success,8045.54
TXN-001463,2026-02-23,Client_1008,E-commerce,success,1399.2
TXN-001464,2026-01-03,Client_1008,Bank Transfer,success,3689.43
TXN-001465,2026-04-15,Client_1008,Retail,success,9704.1
TXN-001466,2026-01-23,Client_1005,E-commerce,success,1274.11
TXN-001467,2026-01-17,Client_1003,Bills Payment,success,2177.43
TXN-001468,2026-01-11,Client_1007,E-commerce,success,7769.45
TXN-001469,2026-04-07,Client_1007,E-commerce,success,424.65
TXN-001470,2026-03-26,Client_1009,Retail,success,1277.33
TXN-001471,2026-02-02,Client_1001,E-commerce,success,201.7
TXN-001472,2026-01-13,Client_1002,Retail,success,9021.63
TXN-001473,2026-01-24,Client_1006,E-commerce,success,8474.03
TXN-001474,2026-02-05,Client_1010,Bank Transfer,success,8565.87
TXN-001475,2026-04-10,Client_1010,Bills Payment,success,776.54
TXN-001476,2026-04-15,Client_1010,E-commerce,success,7186.54
TXN-001477,2026-02-06,Client_1003,Retail,success,7280.96
TXN-001478,2026-04-29,Client_1004,Retail,success,4799.68
TXN-001479,2026-03-31,Client_1010,Bills Payment,success,9581.7
TXN-001480,2026-01-24,Client_1006,Subscription,success,5191.08
TXN-001481,2026-02-22,Client_1002,Bank Transfer,success,1192.13
TXN-001482,2026-01-18,Client_1008,Bank Transfer,success,5615.61
TXN-001483,2026-01-06,Client_1002,Bank Transfer,success,3909.33
TXN-001484,2026-02-28,Client_1010,Bank Transfer,success,8426.79
TXN-001485,2026-01-29,Client_1009,Subscription,success,8568.12
TXN-001486,2026-01-25,Client_1002,Subscription,failed,3737.67
TXN-001487,2026-01-02,Client_1008,E-commerce,success,5274.36
TXN-001488,2026-03-28,Client_1002,E-commerce,success,4066.18
TXN-001489,2026-03-17,Client_1002,Bills Payment,success,9754.55
TXN-001490,2026-02-13,Client_1004,Retail,success,4102.46
TXN-001491,2026-01-30,Client_1007,Subscription,success,7163.59
TXN-001492,2026-03-16,Client_1010,Bank Transfer,success,8029.74
TXN-001493,2026-02-21,Client_1006,Subscription,success,9506.37
TXN-001494,2026-03-04,Client_1009,Bank Transfer,success,4600.88
TXN-001495,2026-01-16,Client_1005,Subscription,success,6320.87
TXN-001496,2026-01-18,Client_1001,E-commerce,success,8320.09
TXN-001497,2026-03-05,Client_1001,Bills Payment,success,6824.12
TXN-001498,2026-01-20,Client_1005,Retail,success,7625.7
TXN-001499,2026-03-26,Client_1009,Subscription,success,2099.12
TXN-001500,2026-03-26,Client_1008,Subscription,success,5470.14
TXN-001501,2026-04-14,Client_1009,Retail,success,7663.25
TXN-001502,2026-02-25,Client_1002,Subscription,success,8543.46
TXN-001503,2026-02-26,Client_1008,E-commerce,success,5611.0
TXN-001504,2026-04-21,Client_1005,Bills Payment,success,1431.43
TXN-001505,2026-04-02,Client_1007,Subscription,success,5731.67
TXN-001506,2026-03-04,Client_1009,Retail,success,4811.52
TXN-001507,2026-04-20,Client_1003,Retail,success,2707.57
TXN-001508,2026-03-17,Client_1007,Retail,success,7688.06
TXN-001509,2026-02-06,Client_1006,E-commerce,success,546.67
TXN-001510,2026-04-18,Client_1006,Bank Transfer,success,5881.27
TXN-001511,2026-04-08,Client_1006,Subscription,success,3516.92
TXN-001512,2026-02-15,Client_1007,Bank Transfer,success,2517.87
TXN-001513,2026-01-31,Client_1005,Retail,success,6911.11
TXN-001514,2026-04-22,Client_1005,E-commerce,success,295.15
TXN-001515,2026-02-11,Client_1001,Subscription,success,4282.48
TXN-001516,2026-03-07,Client_1007,Bank Transfer,success,4750.03
TXN-001517,2026-01-03,Client_1006,Subscription,success,3291.97
TXN-001518,2026-01-13,Client_1008,E-commerce,success,2138.49
TXN-001519,2026-03-05,Client_1009,Bank Transfer,success,3065.26
TXN-001520,2026-02-25,Client_1004,Subscription,success,9743.66
TXN-001521,2026-01-10,Client_1009,Bills Payment,success,570.56
TXN-001522,2026-03-15,Client_1007,Bills Payment,success,9583.62
TXN-001523,2026-04-02,Client_1010,E-commerce,success,2806.31
TXN-001524,2026-03-14,Client_1009,Subscription,success,3538.43
TXN-001525,2026-01-10,Client_1005,Retail,success,4385.81
TXN-001526,2026-03-11,Client_1006,Bills Payment,success,2587.52
TXN-001527,2026-03-07,Client_1008,Retail,success,284.17
TXN-001528,2026-04-01,Client_1009,Bills Payment,success,2208.23
TXN-001529,2026-04-16,Client_1008,Bank Transfer,failed,5373.92
TXN-001530,2026-03-20,Client_1007,Retail,success,692.83
TXN-001531,2026-01-26,Client_1006,Subscription,success,1589.68
TXN-001532,2026-03-29,Client_1005,Subscription,success,8615.84
TXN-001533,2026-04-27,Client_1002,Bills Payment,success,2742.65
TXN-001534,2026-02-06,Client_1003,Bank Transfer,success,2437.69
TXN-001535,2026-01-31,Client_1002,Bills Payment,success,2531.31
TXN-001536,2026-04-16,Client_1005,Subscription,success,9913.8
TXN-001537,2026-02-24,Client_1001,Bills Payment,success,1450.66
TXN-001538,2026-02-03,Client_1005,Retail,success,8539.96
TXN-001539,2026-04-03,Client_1008,E-commerce,success,8975.4
TXN-001540,2026-02-10,Client_1010,Bank Transfer,success,9015.69
TXN-001541,2026-02-22,Client_1006,E-commerce,success,8414.12
TXN-001542,2026-04-18,Client_1003,Bills Payment,success,7371.36
TXN-001543,2026-04-30,Client_1002,Retail,success,5846.16
TXN-001544,2026-04-10,Client_1009,Bank Transfer,success,993.46
TXN-001545,2026-03-18,Client_1002,Bank Transfer,success,5884.83
TXN-001546,2026-02-19,Client_1004,Subscription,success,1157.46
TXN-001547,2026-01-28,Client_1005,Subscription,success,8642.71
TXN-001548,2026-01-08,Client_1008,Retail,success,9492.24
TXN-001549,2026-02-10,Client_1009,Subscription,success,2538.83
TXN-001550,2026-02-05,Client_1003,Bank Transfer,success,3740.62
TXN-001551,2026-02-09,Client_1001,Retail,success,7420.55
TXN-001552,2026-04-13,Client_1001,Bills Payment,success,3908.43
TXN-001553,2026-03-23,Client_1006,E-commerce,success,2440.18
TXN-001554,2026-02-26,Client_1007,E-commerce,failed,3990.46
TXN-001555,2026-04-28,Client_1005,Bank Transfer,success,8244.81
TXN-001556,2026-01-31,Client_1005,Bills Payment,success,1686.25
TXN-001557,2026-02-26,Client_1006,Subscription,success,2812.96
TXN-001558,2026-01-11,Client_1008,Subscription,success,9272.32
TXN-001559,2026-02-12,Client_1007,E-commerce,success,7014.97
TXN-001560,2026-03-06,Client_1002,Bank Transfer,success,7319.39
TXN-001561,2026-03-12,Client_1006,Subscription,success,7643.56
TXN-001562,2026-03-24,Client_1003,Subscription,success,1447.31
TXN-001563,2026-02-21,Client_1004,Bank Transfer,success,914.1
TXN-001564,2026-01-21,Client_1004,Retail,success,7699.31
TXN-001565,2026-03-25,Client_1003,Retail,success,7947.16
TXN-001566,2026-02-10,Client_1008,Subscription,success,1421.75
TXN-001567,2026-01-23,Client_1010,Bank Transfer,success,2066.77
TXN-001568,2026-02-23,Client_1006,Bills Payment,success,3835.47
TXN-001569,2026-04-17,Client_1010,Bills Payment,success,327.4
TXN-001570,2026-03-13,Client_1010,Bills Payment,failed,9743.86
TXN-001571,2026-01-26,Client_1005,Bills Payment,success,6218.24
TXN-001572,2026-03-18,Client_1005,Bills Payment,success,3742.41
TXN-001573,2026-03-14,Client_1002,E-commerce,success,4408.07
TXN-001574,2026-04-28,Client_1008,Subscription,success,7164.28
TXN-001575,2026-01-25,Client_1005,Bank Transfer,success,3882.53
TXN-001576,2026-02-25,Client_1004,Retail,success,8258.48
TXN-001577,2026-04-04,Client_1004,Subscription,success,7945.39
TXN-001578,2026-01-04,Client_1005,Bank Transfer,success,4564.67
TXN-001579,2026-02-01,Client_1006,Retail,success,4635.82
TXN-001580,2026-01-02,Client_1008,Bills Payment,success,9746.55
TXN-001581,2026-02-20,Client_1004,Subscription,success,7387.43
TXN-001582,2026-02-02,Client_1002,E-commerce,success,615.91
TXN-001583,2026-04-30,Client_1004,Subscription,failed,9967.72
TXN-001584,2026-03-27,Client_1010,E-commerce,success,5094.97
TXN-001585,2026-02-18,Client_1005,Subscription,success,1409.16
TXN-001586,2026-04-25,Client_1009,E-commerce,success,2676.89
TXN-001587,2026-03-06,Client_1008,Bank Transfer,success,1406.0
TXN-001588,2026-02-10,Client_1009,Subscription,success,1256.74
TXN-001589,2026-01-06,Client_1003,Subscription,success,8364.56
TXN-001590,2026-04-06,Client_1006,Subscription,success,8781.67
TXN-001591,2026-03-20,Client_1005,Retail,success,8937.45
TXN-001592,2026-02-10,Client_1008,Bills Payment,success,9236.24
TXN-001593,2026-03-23,Client_1008,E-commerce,success,640.21
TXN-001594,2026-01-24,Client_1001,Subscription,success,7089.03
TXN-001595,2026-02-25,Client_1002,Subscription,success,3629.55
TXN-001596,2026-04-01,Client_1009,Subscription,success,1213.66
TXN-001597,2026-04-03,Client_1003,E-commerce,success,2116.96
TXN-001598,2026-02-06,Client_1003,Bills Payment,success,8243.46
TXN-001599,2026-03-14,Client_1010,Bills Payment,success,9719.11
TXN-001600,2026-03-09,Client_1010,Bills Payment,success,860.67
TXN-001601,2026-04-09,Client_1008,E-commerce,failed,357.03
TXN-001602,2026-03-29,Client_1002,Subscription,success,9298.57
TXN-001603,2026-01-14,Client_1006,Bills Payment,success,4656.31
TXN-001604,2026-04-01,Client_1008,Subscription,success,2766.25
TXN-001605,2026-03-26,Client_1001,Bank Transfer,refunded,6596.11
TXN-001606,2026-02-27,Client_1006,Retail,success,8646.46
TXN-001607,2026-04-13,Client_1005,Bank Transfer,success,7463.62
TXN-001608,2026-03-12,Client_1010,Subscription,success,2626.12
TXN-001609,2026-01-31,Client_1007,E-commerce,success,2161.41
TXN-001610,2026-02-19,Client_1007,Bank Transfer,success,9548.88
TXN-001611,2026-01-20,Client_1002,Bank Transfer,success,4380.35
TXN-001612,2026-04-14,Client_1005,Retail,success,6688.65
TXN-001613,2026-04-17,Client_1006,Retail,success,4509.88
TXN-001614,2026-02-19,Client_1008,Bank Transfer,success,4288.4
TXN-001615,2026-04-07,Client_1007,Bank Transfer,success,4397.65
TXN-001616,2026-02-24,Client_1002,E-commerce,success,9735.39
TXN-001617,2026-03-28,Client_1004,Bills Payment,failed,5320.06
TXN-001618,2026-03-24,Client_1009,E-commerce,success,4429.82
TXN-001619,2026-04-27,Client_1008,Bank Transfer,success,1365.12
TXN-001620,2026-04-26,Client_1005,Bills Payment,success,3025.27
TXN-001621,2026-01-07,Client_1009,E-commerce,failed,5182.8
TXN-001622,2026-03-07,Client_1007,Subscription,success,6642.47
TXN-001623,2026-03-14,Client_1005,Bank Transfer,success,909.52
TXN-001624,2026-03-06,Client_1001,E-commerce,success,4682.5
TXN-001625,2026-04-11,Client_1003,Subscription,success,4220.89
TXN-001626,2026-04-01,Client_1005,Bank Transfer,success,4604.48
TXN-001627,2026-03-27,Client_1008,Retail,success,3479.21
TXN-001628,2026-04-28,Client_1003,Bills Payment,success,7495.59
TXN-001629,2026-03-19,Client_1005,E-commerce,success,277.36
TXN-001630,2026-02-20,Client_1002,E-commerce,success,4823.49
TXN-001631,2026-03-30,Client_1007,Retail,success,3097.72
TXN-001632,2026-04-15,Client_1010,Bank Transfer,success,9635.1
TXN-001633,2026-03-28,Client_1007,Bank Transfer,success,1437.63
TXN-001634,2026-01-25,Client_1002,E-commerce,success,1963.39
TXN-001635,2026-01-04,Client_1004,Subscription,success,6532.42
TXN-001636,2026-02-25,Client_1009,Bills Payment,success,7720.24
TXN-001637,2026-01-19,Client_1008,Subscription,success,1744.44
TXN-001638,2026-01-20,Client_1008,Subscription,success,8611.98
TXN-001639,2026-03-16,Client_1004,Bills Payment,success,8311.56
TXN-001640,2026-02-20,Client_1001,Bank Transfer,success,6341.06
TXN-001641,2026-04-02,Client_1007,Subscription,success,7397.08
TXN-001642,2026-03-18,Client_1009,Bank Transfer,success,4056.84
TXN-001643,2026-03-07,Client_1010,Retail,failed,9060.22
TXN-001644,2026-04-22,Client_1008,Bills Payment,success,5330.26
TXN-001645,2026-02-24,Client_1010,Bank Transfer,success,2751.7
TXN-001646,2026-03-24,Client_1007,Subscription,success,6264.7
TXN-001647,2026-03-24,Client_1006,Subscription,success,305.99
TXN-001648,2026-02-06,Client_1004,Subscription,success,2397.82
TXN-001649,2026-01-29,Client_1010,Bank Transfer,failed,8549.19
TXN-001650,2026-04-02,Client_1008,Bills Payment,failed,7257.65
TXN-001651,2026-02-19,Client_1007,Bank Transfer,success,8017.58
TXN-001652,2026-04-19,Client_1003,Retail,success,6937.91
TXN-001653,2026-01-12,Client_1008,Bills Payment,success,1647.51
TXN-001654,2026-03-04,Client_1002,Subscription,failed,4987.88
TXN-001655,2026-01-31,Client_1004,Retail,success,279.49
TXN-001656,2026-04-23,Client_1005,Bank Transfer,success,1829.68
TXN-001657,2026-04-21,Client_1009,E-commerce,success,3443.57
TXN-001658,2026-01-15,Client_1010,Bills Payment,success,2318.55
TXN-001659,2026-02-03,Client_1006,Bank Transfer,success,7723.94
TXN-001660,2026-03-13,Client_1005,Bills Payment,success,8749.59
TXN-001661,2026-03-19,Client_1002,E-commerce,failed,4434.48
TXN-001662,2026-02-28,Client_1002,E-commerce,success,6135.59
TXN-001663,2026-04-20,Client_1002,Retail,success,1143.57
TXN-001664,2026-03-22,Client_1002,Bills Payment,failed,1654.62
TXN-001665,2026-02-07,Client_1008,Retail,success,8717.88
TXN-001666,2026-01-20,Client_1006,Bank Transfer,success,1317.54
TXN-001667,2026-01-26,Client_1008,Subscription,success,165.22
TXN-001668,2026-04-17,Client_1008,Bank Transfer,success,1795.49
TXN-001669,2026-02-04,Client_1006,Subscription,success,6683.45
TXN-001670,2026-01-20,Client_1009,Subscription,success,1466.14
TXN-001671,2026-02-24,Client_1007,Subscription,failed,9523.22
TXN-001672,2026-03-08,Client_1006,E-commerce,success,7724.5
TXN-001673,2026-04-02,Client_1009,E-commerce,success,3216.57
TXN-001674,2026-04-09,Client_1003,Subscription,success,7616.0
TXN-001675,2026-03-26,Client_1003,Retail,success,6352.91
TXN-001676,2026-04-02,Client_1009,Bank Transfer,success,8869.25
TXN-001677,2026-03-31,Client_1009,Bank Transfer,success,3205.58
TXN-001678,2026-02-14,Client_1001,Bank Transfer,failed,6142.97
TXN-001679,2026-01-19,Client_1007,Subscription,success,8887.04
TXN-001680,2026-03-21,Client_1010,Subscription,success,8887.98
TXN-001681,2026-04-11,Client_1007,Bills Payment,failed,934.38
TXN-001682,2026-03-10,Client_1006,Subscription,success,7426.52
TXN-001683,2026-01-17,Client_1009,Retail,success,1018.91
TXN-001684,2026-03-12,Client_1005,Retail,success,6393.29
TXN-001685,2026-01-03,Client_1001,Retail,success,2489.26
TXN-001686,2026-04-10,Client_1005,Subscription,refunded,1193.37
TXN-001687,2026-01-08,Client_1006,Bank Transfer,success,3609.29
TXN-001688,2026-01-07,Client_1002,Subscription,success,7394.9
TXN-001689,2026-02-28,Client_1006,Bills Payment,success,9891.1
TXN-001690,2026-03-14,Client_1009,Retail,success,3062.1
TXN-001691,2026-03-27,Client_1010,Bills Payment,success,5244.7
TXN-001692,2026-02-01,Client_1002,Bank Transfer,success,2006.3
TXN-001693,2026-04-10,Client_1006,Subscription,success,7145.24
TXN-001694,2026-04-17,Client_1007,E-commerce,success,4306.38
TXN-001695,2026-01-17,Client_1008,Bills Payment,success,3756.01
TXN-001696,2026-03-09,Client_1007,Retail,success,7810.36
TXN-001697,2026-04-22,Client_1005,Retail,success,4291.88
TXN-001698,2026-02-26,Client_1008,Subscription,success,1529.03
TXN-001699,2026-01-17,Client_1008,Subscription,success,7074.79
TXN-001700,2026-04-21,Client_1009,E-commerce,success,4608.78
TXN-001701,2026-01-05,Client_1003,Retail,success,9523.04
TXN-001702,2026-03-19,Client_1007,E-commerce,success,5760.47
TXN-001703,2026-01-06,Client_1009,Bills Payment,success,3118.75
TXN-001704,2026-02-17,Client_1005,Bank Transfer,success,7932.92
TXN-001705,2026-01-19,Client_1010,Subscription,success,8953.1
TXN-001706,2026-04-24,Client_1005,Bills Payment,success,7422.64
TXN-001707,2026-01-01,Client_1002,Retail,success,8717.22
TXN-001708,2026-02-23,Client_1008,Retail,success,4578.51
TXN-001709,2026-02-13,Client_1007,Subscription,success,8353.47
TXN-001710,2026-01-17,Client_1003,Retail,success,7640.62
TXN-001711,2026-03-27,Client_1008,Bills Payment,success,3319.64
TXN-001712,2026-04-13,Client_1010,Retail,success,2404.94
TXN-001713,2026-02-20,Client_1006,Retail,success,6737.39
TXN-001714,2026-02-26,Client_1005,E-commerce,success,7101.37
TXN-001715,2026-03-15,Client_1005,Retail,success,6474.75
TXN-001716,2026-01-11,Client_1004,Retail,success,7600.39
TXN-001717,2026-03-14,Client_1009,Bills Payment,success,5076.12
TXN-001718,2026-01-03,Client_1002,Retail,success,287.84
TXN-001719,2026-04-11,Client_1004,Bills Payment,success,8405.28
TXN-001720,2026-03-16,Client_1008,E-commerce,success,6107.86
TXN-001721,2026-02-21,Client_1010,E-commerce,success,9345.1
TXN-001722,2026-02-13,Client_1007,Bills Payment,success,8610.52
TXN-001723,2026-02-10,Client_1007,Bank Transfer,success,9799.88
TXN-001724,2026-03-11,Client_1003,Bank Transfer,success,2629.99
TXN-001725,2026-01-12,Client_1003,Bank Transfer,failed,6818.22
TXN-001726,2026-01-08,Client_1010,Bank Transfer,success,7161.68
TXN-001727,2026-02-08,Client_1007,E-commerce,success,4186.95
TXN-001728,2026-02-11,Client_1005,Subscription,failed,9005.06
TXN-001729,2026-01-07,Client_1004,Bills Payment,success,5901.69
TXN-001730,2026-03-05,Client_1009,Retail,success,1239.31
TXN-001731,2026-01-08,Client_1006,Subscription,success,748.04
TXN-001732,2026-01-04,Client_1007,Bills Payment,failed,284.37
TXN-001733,2026-03-12,Client_1010,E-commerce,success,5591.6
TXN-001734,2026-04-11,Client_1003,Bank Transfer,success,4515.22
TXN-001735,2026-04-19,Client_1009,Bills Payment,success,1509.43
TXN-001736,2026-03-11,Client_1003,Bills Payment,success,4295.15
TXN-001737,2026-04-27,Client_1009,Subscription,success,8145.17
TXN-001738,2026-04-17,Client_1010,Bank Transfer,success,1757.08
TXN-001739,2026-01-08,Client_1008,Bank Transfer,success,8410.93
TXN-001740,2026-02-18,Client_1006,Bills Payment,success,5152.25
TXN-001741,2026-01-06,Client_1003,Retail,success,3076.32
TXN-001742,2026-02-20,Client_1002,Bills Payment,success,9988.33
TXN-001743,2026-04-23,Client_1007,Bills Payment,success,9578.43
TXN-001744,2026-02-10,Client_1006,Bank Transfer,refunded,7106.77
TXN-001745,2026-02-04,Client_1004,Bank Transfer,success,4652.01
TXN-001746,2026-03-18,Client_1006,E-commerce,failed,1423.88
TXN-001747,2026-04-29,Client_1001,Retail,success,9024.31
TXN-001748,2026-03-28,Client_1003,Subscription,success,6995.25
TXN-001749,2026-03-04,Client_1007,Retail,success,8779.53
TXN-001750,2026-03-25,Client_1002,Retail,success,8337.63
TXN-001751,2026-03-27,Client_1008,E-commerce,success,8146.53
TXN-001752,2026-04-16,Client_1010,Bank Transfer,success,8407.54
TXN-001753,2026-04-14,Client_1001,E-commerce,success,9368.85
TXN-001754,2026-02-26,Client_1001,Bills Payment,success,7608.37
TXN-001755,2026-03-29,Client_1006,Bills Payment,success,6173.08
TXN-001756,2026-02-08,Client_1004,Bills Payment,refunded,9676.24
TXN-001757,2026-01-05,Client_1005,Subscription,failed,7098.98
TXN-001758,2026-01-27,Client_1001,Bills Payment,refunded,6420.52
TXN-001759,2026-01-15,Client_1005,Retail,success,1787.72
TXN-001760,2026-01-25,Client_1010,Retail,success,747.07
TXN-001761,2026-01-17,Client_1002,Bills Payment,success,5742.04
TXN-001762,2026-01-30,Client_1009,Bank Transfer,success,6811.99
TXN-001763,2026-03-30,Client_1009,Retail,success,5645.15
TXN-001764,2026-02-28,Client_1001,Subscription,success,9436.43
TXN-001765,2026-01-07,Client_1006,Subscription,success,4128.07
TXN-001766,2026-01-16,Client_1009,Subscription,success,5220.84
TXN-001767,2026-01-06,Client_1004,E-commerce,success,4258.61
TXN-001768,2026-02-27,Client_1006,E-commerce,success,3413.59
TXN-001769,2026-04-23,Client_1010,E-commerce,refunded,2333.72
TXN-001770,2026-03-30,Client_1007,E-commerce,failed,2049.08
TXN-001771,2026-02-12,Client_1005,E-commerce,success,1057.59
TXN-001772,2026-03-03,Client_1007,E-commerce,success,6300.34
TXN-001773,2026-02-12,Client_1005,Bills Payment,success,2459.76
TXN-001774,2026-02-13,Client_1001,Bank Transfer,success,2443.76
TXN-001775,2026-01-10,Client_1010,Retail,success,1047.14
TXN-001776,2026-02-27,Client_1010,E-commerce,success,700.8
TXN-001777,2026-01-05,Client_1007,Bank Transfer,failed,6964.3
TXN-001778,2026-04-11,Client_1003,E-commerce,failed,4474.99
TXN-001779,2026-02-08,Client_1010,Subscription,success,6807.89
TXN-001780,2026-03-13,Client_1001,Bank Transfer,success,4076.66
TXN-001781,2026-03-21,Client_1007,Bills Payment,success,7896.0
TXN-001782,2026-03-21,Client_1001,Subscription,success,7972.13
TXN-001783,2026-04-23,Client_1010,Retail,success,6544.12
TXN-001784,2026-03-28,Client_1001,Subscription,success,5919.35
TXN-001785,2026-01-14,Client_1002,E-commerce,success,768.69
TXN-001786,2026-04-12,Client_1004,Retail,success,5138.09
TXN-001787,2026-02-15,Client_1007,Subscription,success,4501.78
TXN-001788,2026-02-01,Client_1003,E-commerce,success,3185.5
TXN-001789,2026-02-25,Client_1009,Bank Transfer,success,8863.7
TXN-001790,2026-04-10,Client_1003,Bills Payment,success,6072.96
TXN-001791,2026-02-07,Client_1006,E-commerce,success,6611.0
TXN-001792,2026-01-19,Client_1001,Bills Payment,success,8368.23
TXN-001793,2026-04-20,Client_1001,Subscription,success,9767.46
TXN-001794,2026-03-23,Client_1004,E-commerce,success,6711.82
TXN-001795,2026-03-30,Client_1008,Retail,success,8534.89
TXN-001796,2026-03-14,Client_1006,Retail,success,3353.33
TXN-001797,2026-01-14,Client_1008,E-commerce,success,9207.54
TXN-001798,2026-03-23,Client_1004,Bills Payment,success,2210.07
TXN-001799,2026-03-03,Client_1006,Subscription,success,1924.02
TXN-001800,2026-01-01,Client_1006,E-commerce,success,397.17
TXN-001801,2026-01-15,Client_1003,Bank Transfer,success,6350.21
TXN-001802,2026-04-27,Client_1006,E-commerce,refunded,2071.32
TXN-001803,2026-02-06,Client_1003,Bills Payment,failed,7216.48
TXN-001804,2026-02-13,Client_1009,Bills Payment,success,312.77
TXN-001805,2026-04-18,Client_1005,E-commerce,success,6806.78
TXN-001806,2026-02-18,Client_1002,Bank Transfer,failed,3120.22
TXN-001807,2026-01-31,Client_1006,Bank Transfer,success,9417.5
TXN-001808,2026-04-13,Client_1010,Subscription,success,747.24
TXN-001809,2026-01-19,Client_1003,Bills Payment,success,3844.14
TXN-001810,2026-02-17,Client_1006,Retail,success,6397.82
TXN-001811,2026-04-28,Client_1001,Retail,success,8558.91
TXN-001812,2026-02-07,Client_1003,Bank Transfer,success,6331.65
TXN-001813,2026-02-05,Client_1003,Retail,refunded,8869.76
TXN-001814,2026-01-27,Client_1002,Subscription,success,6187.38
TXN-001815,2026-01-22,Client_1009,Subscription,success,6486.21
TXN-001816,2026-03-07,Client_1006,Subscription,success,1872.09
TXN-001817,2026-04-02,Client_1006,Retail,success,7184.93
TXN-001818,2026-03-05,Client_1008,Bank Transfer,success,6417.25
TXN-001819,2026-04-12,Client_1010,E-commerce,success,8959.36
TXN-001820,2026-02-27,Client_1004,Subscription,success,4307.73
TXN-001821,2026-02-18,Client_1010,Bills Payment,failed,3803.66
TXN-001822,2026-03-12,Client_1002,Bills Payment,success,3020.98
TXN-001823,2026-03-08,Client_1006,Bills Payment,success,4706.01
TXN-001824,2026-03-21,Client_1006,Subscription,success,4381.81
TXN-001825,2026-02-17,Client_1008,Bank Transfer,success,344.71
TXN-001826,2026-02-26,Client_1004,Bank Transfer,success,3655.02
TXN-001827,2026-01-11,Client_1005,Retail,success,6472.18
TXN-001828,2026-04-11,Client_1005,Bills Payment,success,806.35
TXN-001829,2026-01-05,Client_1009,Bills Payment,success,6783.56
TXN-001830,2026-02-02,Client_1005,Bank Transfer,success,6079.94
TXN-001831,2026-01-18,Client_1009,Bank Transfer,success,3064.79
TXN-001832,2026-04-16,Client_1006,Subscription,failed,8236.43
TXN-001833,2026-04-07,Client_1001,Subscription,success,9893.82
TXN-001834,2026-01-20,Client_1007,Bills Payment,success,7516.46
TXN-001835,2026-03-02,Client_1004,Retail,success,5570.89
TXN-001836,2026-03-01,Client_1008,Bank Transfer,success,3199.44
TXN-001837,2026-01-25,Client_1007,Subscription,success,4554.72
TXN-001838,2026-03-13,Client_1001,Bank Transfer,success,8750.13
TXN-001839,2026-02-09,Client_1001,Subscription,success,8359.56
TXN-001840,2026-02-13,Client_1004,Subscription,success,7551.0
TXN-001841,2026-04-08,Client_1009,Bank Transfer,success,330.07
TXN-001842,2026-04-11,Client_1001,Bills Payment,success,9531.11
TXN-001843,2026-02-12,Client_1010,Retail,failed,5781.4
TXN-001844,2026-02-20,Client_1007,Bills Payment,failed,730.72
TXN-001845,2026-02-19,Client_1004,Subscription,success,5738.2
TXN-001846,2026-02-27,Client_1005,E-commerce,success,6781.37
TXN-001847,2026-01-23,Client_1001,Retail,success,1948.25
TXN-001848,2026-01-09,Client_1007,Bank Transfer,success,2981.94
TXN-001849,2026-03-09,Client_1002,Subscription,success,5233.46
TXN-001850,2026-01-22,Client_1006,Subscription,success,9896.99
TXN-001851,2026-01-17,Client_1009,Subscription,success,780.75
TXN-001852,2026-04-26,Client_1004,Bills Payment,success,3166.6
TXN-001853,2026-04-15,Client_1008,Bills Payment,success,9397.63
TXN-001854,2026-03-17,Client_1004,Retail,success,4643.67
TXN-001855,2026-01-26,Client_1001,Bills Payment,success,8263.37
TXN-001856,2026-03-19,Client_1004,Retail,success,5735.37
TXN-001857,2026-03-04,Client_1008,Subscription,success,7399.18
TXN-001858,2026-02-06,Client_1008,Bank Transfer,success,7145.31
TXN-001859,2026-02-08,Client_1007,Retail,success,8513.45
TXN-001860,2026-02-23,Client_1004,Bills Payment,failed,7359.12
TXN-001861,2026-02-28,Client_1007,Bills Payment,success,1045.79
TXN-001862,2026-03-31,Client_1001,Bills Payment,failed,1663.53
TXN-001863,2026-04-23,Client_1009,Bank Transfer,success,760.76
TXN-001864,2026-04-03,Client_1004,Subscription,success,7642.42
TXN-001865,2026-01-16,Client_1006,E-commerce,success,5093.51
TXN-001866,2026-04-10,Client_1006,Subscription,success,2602.39
TXN-001867,2026-03-06,Client_1001,Subscription,success,6424.78
TXN-001868,2026-03-28,Client_1008,Subscription,success,4053.48
TXN-001869,2026-01-25,Client_1007,E-commerce,success,1235.36
TXN-001870,2026-04-28,Client_1003,Bank Transfer,success,4696.03
TXN-001871,2026-03-01,Client_1002,E-commerce,success,2498.71
TXN-001872,2026-02-26,Client_1003,Subscription,success,8431.47
TXN-001873,2026-01-22,Client_1001,Retail,success,3012.03
TXN-001874,2026-03-10,Client_1007,Bills Payment,success,7659.53
TXN-001875,2026-03-28,Client_1005,Bills Payment,success,1861.61
TXN-001876,2026-04-02,Client_1001,Retail,success,6997.75
TXN-001877,2026-04-18,Client_1009,E-commerce,success,3152.41
TXN-001878,2026-01-07,Client_1010,E-commerce,success,3836.22
TXN-001879,2026-01-26,Client_1004,Bank Transfer,failed,2079.86
TXN-001880,2026-01-03,Client_1007,E-commerce,refunded,3437.45
TXN-001881,2026-01-25,Client_1002,Bills Payment,failed,1056.37
TXN-001882,2026-04-17,Client_1003,Bills Payment,success,5173.75
TXN-001883,2026-04-15,Client_1006,Bank Transfer,success,1976.52
TXN-001884,2026-01-27,Client_1009,Subscription,failed,1295.96
TXN-001885,2026-01-28,Client_1002,Bank Transfer,success,248.45
TXN-001886,2026-03-25,Client_1006,E-commerce,success,4641.88
TXN-001887,2026-01-09,Client_1005,Retail,success,766.58
TXN-001888,2026-01-28,Client_1007,Bank Transfer,success,5045.8
TXN-001889,2026-01-14,Client_1009,Retail,success,9594.44
TXN-001890,2026-03-18,Client_1006,Subscription,success,9726.43
TXN-001891,2026-03-30,Client_1003,Bank Transfer,success,7640.99
TXN-001892,2026-03-30,Client_1006,Subscription,success,274.72
TXN-001893,2026-04-27,Client_1010,Subscription,success,6441.86
TXN-001894,2026-01-30,Client_1009,Retail,success,231.59
TXN-001895,2026-01-03,Client_1010,E-commerce,success,7405.34
TXN-001896,2026-04-07,Client_1004,Retail,success,1461.8
TXN-001897,2026-03-05,Client_1005,Bills Payment,success,2123.41
TXN-001898,2026-01-05,Client_1004,Retail,refunded,4492.89
TXN-001899,2026-04-23,Client_1006,Bills Payment,success,6471.66
TXN-001900,2026-04-08,Client_1001,Retail,success,4207.44
TXN-001901,2026-04-15,Client_1005,E-commerce,success,7355.44
TXN-001902,2026-02-13,Client_1004,Bills Payment,success,9075.66
TXN-001903,2026-03-27,Client_1004,Bills Payment,success,3876.71
TXN-001904,2026-02-11,Client_1003,Subscription,success,739.71
TXN-001905,2026-03-04,Client_1002,Bills Payment,success,9920.92
TXN-001906,2026-01-27,Client_1003,E-commerce,success,5533.59
TXN-001907,2026-04-12,Client_1004,Bills Payment,success,4319.77
TXN-001908,2026-03-01,Client_1005,Bills Payment,success,2524.76
TXN-001909,2026-01-23,Client_1010,Bills Payment,success,5806.58
TXN-001910,2026-03-23,Client_1004,Bank Transfer,success,4863.59
TXN-001911,2026-02-16,Client_1007,Subscription,success,4469.62
TXN-001912,2026-03-06,Client_1010,Subscription,success,8214.08
TXN-001913,2026-04-12,Client_1008,E-commerce,success,4331.23
TXN-001914,2026-01-11,Client_1005,Retail,success,5573.24
TXN-001915,2026-01-23,Client_1005,Subscription,success,4590.67
TXN-001916,2026-02-18,Client_1009,Retail,success,3399.02
TXN-001917,2026-04-02,Client_1008,Bills Payment,success,1977.3
TXN-001918,2026-01-02,Client_1009,Bank Transfer,success,9264.34
TXN-001919,2026-02-20,Client_1006,Subscription,success,6446.38
TXN-001920,2026-03-17,Client_1002,Subscription,failed,9925.48
TXN-001921,2026-01-16,Client_1007,Retail,success,7653.21
TXN-001922,2026-02-02,Client_1006,Retail,success,6386.3
TXN-001923,2026-02-17,Client_1001,Subscription,failed,7383.08
TXN-001924,2026-02-01,Client_1008,E-commerce,failed,3678.0
TXN-001925,2026-04-01,Client_1001,Bills Payment,success,4609.16
TXN-001926,2026-03-29,Client_1003,Bank Transfer,success,5825.58
TXN-001927,2026-03-26,Client_1003,E-commerce,success,1013.83
TXN-001928,2026-04-02,Client_1007,Subscription,success,9744.04
TXN-001929,2026-01-11,Client_1009,Bills Payment,success,1741.65
TXN-001930,2026-02-24,Client_1005,Bank Transfer,success,5378.69
TXN-001931,2026-04-24,Client_1007,Retail,success,4174.93
TXN-001932,2026-04-23,Client_1002,E-commerce,success,7789.24
TXN-001933,2026-02-14,Client_1003,Bank Transfer,success,9307.17
TXN-001934,2026-02-20,Client_1005,E-commerce,refunded,8182.25
TXN-001935,2026-01-01,Client_1002,E-commerce,success,4236.61
TXN-001936,2026-02-23,Client_1005,Subscription,success,3809.05
TXN-001937,2026-04-01,Client_1003,Bills Payment,success,5075.88
TXN-001938,2026-01-15,Client_1008,Retail,success,1937.82
TXN-001939,2026-01-08,Client_1003,Bills Payment,success,9032.51
TXN-001940,2026-02-22,Client_1008,Retail,success,6400.69
TXN-001941,2026-01-11,Client_1005,E-commerce,success,2839.95
TXN-001942,2026-02-13,Client_1001,Retail,success,4903.42
TXN-001943,2026-04-08,Client_1002,E-commerce,success,7542.81
TXN-001944,2026-01-01,Client_1010,E-commerce,success,5271.11
TXN-001945,2026-01-01,Client_1007,Retail,success,9624.37
TXN-001946,2026-02-04,Client_1008,Subscription,success,6083.28
TXN-001947,2026-02-13,Client_1006,Bank Transfer,refunded,8186.79
TXN-001948,2026-02-16,Client_1007,Subscription,success,9755.52
TXN-001949,2026-04-22,Client_1006,E-commerce,success,8718.36
TXN-001950,2026-02-21,Client_1003,E-commerce,success,8703.15
TXN-001951,2026-02-05,Client_1004,Bank Transfer,success,6893.23
TXN-001952,2026-04-22,Client_1008,Retail,success,1960.56
TXN-001953,2026-03-23,Client_1006,E-commerce,success,8747.0
TXN-001954,2026-04-14,Client_1006,Subscription,success,4896.91
TXN-001955,2026-04-05,Client_1010,E-commerce,success,9396.94
TXN-001956,2026-04-30,Client_1008,E-commerce,success,3009.24
TXN-001957,2026-01-25,Client_1003,Retail,success,7870.13
TXN-001958,2026-04-02,Client_1009,E-commerce,success,7988.53
TXN-001959,2026-02-08,Client_1009,Subscription,success,4518.24
TXN-001960,2026-01-15,Client_1008,Retail,success,2195.24
TXN-001961,2026-04-07,Client_1002,E-commerce,success,7186.08
TXN-001962,2026-01-21,Client_1006,Subscription,success,2281.72
TXN-001963,2026-02-02,Client_1008,E-commerce,success,9235.09
TXN-001964,2026-03-23,Client_1008,E-commerce,success,3394.73
TXN-001965,2026-01-29,Client_1010,Retail,success,3497.94
TXN-001966,2026-04-27,Client_1007,Retail,refunded,4425.93
TXN-001967,2026-01-30,Client_1004,Bank Transfer,success,968.04
TXN-001968,2026-01-12,Client_1006,Retail,failed,7471.72
TXN-001969,2026-01-15,Client_1010,Bank Transfer,success,3202.39
TXN-001970,2026-02-18,Client_1010,E-commerce,success,5941.59
TXN-001971,2026-01-25,Client_1007,Subscription,success,3713.74
TXN-001972,2026-03-28,Client_1003,Retail,success,5948.68
TXN-001973,2026-01-14,Client_1007,E-commerce,success,4659.97
TXN-001974,2026-01-19,Client_1005,Bills Payment,success,4612.27
TXN-001975,2026-03-18,Client_1005,Bills Payment,success,8506.36
TXN-001976,2026-04-16,Client_1001,Retail,success,5073.54
TXN-001977,2026-03-30,Client_1002,Bank Transfer,refunded,7094.57
TXN-001978,2026-03-03,Client_1004,Subscription,success,9668.31
TXN-001979,2026-01-08,Client_1006,Bills Payment,success,2185.07
TXN-001980,2026-04-04,Client_1004,E-commerce,failed,7782.78
TXN-001981,2026-04-20,Client_1008,Subscription,success,8168.62
TXN-001982,2026-04-27,Client_1003,E-commerce,success,3440.36
TXN-001983,2026-03-28,Client_1008,Bank Transfer,success,3971.52
TXN-001984,2026-03-09,Client_1005,Bank Transfer,success,2031.41
TXN-001985,2026-04-20,Client_1009,Subscription,success,3301.84
TXN-001986,2026-04-12,Client_1010,E-commerce,success,7124.92
TXN-001987,2026-02-28,Client_1003,Retail,success,6989.96
TXN-001988,2026-02-07,Client_1003,Bills Payment,success,7508.99
TXN-001989,2026-04-05,Client_1001,Bank Transfer,success,5799.25
TXN-001990,2026-03-28,Client_1003,Subscription,failed,4328.4
TXN-001991,2026-04-18,Client_1003,E-commerce,success,9744.17
TXN-001992,2026-01-23,Client_1001,E-commerce,refunded,6535.97
TXN-001993,2026-03-17,Client_1007,Bills Payment,success,4099.54
TXN-001994,2026-01-05,Client_1002,Bills Payment,success,3096.63
TXN-001995,2026-03-18,Client_1003,Subscription,success,9912.52
TXN-001996,2026-03-27,Client_1002,Subscription,success,6538.08
TXN-001997,2026-02-05,Client_1008,Bank Transfer,success,1254.61
TXN-001998,2026-01-16,Client_1008,Retail,success,5909.82
TXN-001999,2026-03-15,Client_1008,Bank Transfer,success,1036.08
TXN-002000,2026-03-17,Client_1003,Subscription,success,6481.51
TXN-002001,2026-02-25,Client_1005,Retail,success,3319.77
TXN-002002,2026-04-02,Client_1009,Bills Payment,success,7037.34
TXN-002003,2026-02-20,Client_1009,Retail,success,5347.87
TXN-002004,2026-01-09,Client_1009,Retail,success,8206.39
TXN-002005,2026-03-25,Client_1002,Bills Payment,refunded,8986.26
TXN-002006,2026-01-24,Client_1010,Bills Payment,success,4527.61
TXN-002007,2026-02-10,Client_1002,E-commerce,success,2141.68
TXN-002008,2026-01-21,Client_1002,Retail,success,7555.38
TXN-002009,2026-01-11,Client_1002,Retail,success,9666.13
TXN-002010,2026-01-22,Client_1007,E-commerce,success,557.05
TXN-002011,2026-03-08,Client_1005,Retail,success,5813.01
TXN-002012,2026-03-30,Client_1006,Retail,failed,9968.29
TXN-002013,2026-03-19,Client_1009,Retail,success,1080.19
TXN-002014,2026-04-15,Client_1001,Bills Payment,success,1502.51
TXN-002015,2026-04-20,Client_1004,Bills Payment,success,2238.8
TXN-002016,2026-02-15,Client_1005,Bills Payment,success,4277.95
TXN-002017,2026-03-12,Client_1005,Bank Transfer,success,9046.23
TXN-002018,2026-02-21,Client_1008,E-commerce,failed,6797.6
TXN-002019,2026-03-30,Client_1003,Retail,success,6332.73
TXN-002020,2026-02-04,Client_1004,Bank Transfer,success,6512.93
TXN-002021,2026-03-07,Client_1010,Bills Payment,success,1619.56
TXN-002022,2026-04-11,Client_1007,Subscription,success,6075.71
TXN-002023,2026-01-10,Client_1005,E-commerce,success,6871.39
TXN-002024,2026-02-22,Client_1002,Bank Transfer,success,3691.91
TXN-002025,2026-02-12,Client_1005,Bills Payment,success,2335.08
TXN-002026,2026-01-02,Client_1002,Subscription,refunded,2300.03
TXN-002027,2026-01-14,Client_1002,Bills Payment,success,8767.57
TXN-002028,2026-03-17,Client_1008,E-commerce,success,7034.51
TXN-002029,2026-04-21,Client_1005,Retail,success,1080.75
TXN-002030,2026-01-07,Client_1003,Bank Transfer,failed,3956.68
TXN-002031,2026-02-14,Client_1009,Retail,success,8511.34
TXN-002032,2026-03-03,Client_1010,Bills Payment,success,6897.92
TXN-002033,2026-04-02,Client_1003,Bills Payment,success,5718.85
TXN-002034,2026-02-04,Client_1001,Bank Transfer,success,2566.21
TXN-002035,2026-03-19,Client_1007,Subscription,success,9863.84
TXN-002036,2026-04-13,Client_1008,Retail,success,9530.9
TXN-002037,2026-03-08,Client_1004,Bank Transfer,success,960.73
TXN-002038,2026-02-09,Client_1007,Bank Transfer,success,6383.3
TXN-002039,2026-01-10,Client_1004,E-commerce,success,668.37
TXN-002040,2026-04-06,Client_1005,Retail,failed,8102.63
TXN-002041,2026-01-02,Client_1007,Retail,failed,1450.64
TXN-002042,2026-03-05,Client_1009,Retail,success,4114.17
TXN-002043,2026-03-20,Client_1004,E-commerce,success,7055.66
TXN-002044,2026-04-06,Client_1006,Bills Payment,refunded,6645.62
TXN-002045,2026-04-28,Client_1009,Retail,success,4541.66
TXN-002046,2026-01-22,Client_1009,Bills Payment,success,3733.8
TXN-002047,2026-01-18,Client_1009,Bank Transfer,failed,4284.95
TXN-002048,2026-02-18,Client_1003,Bank Transfer,refunded,3445.79
TXN-002049,2026-03-28,Client_1004,Retail,success,8592.28
TXN-002050,2026-02-07,Client_1005,Subscription,success,2209.35
TXN-002051,2026-04-05,Client_1010,Subscription,success,3117.72
TXN-002052,2026-04-30,Client_1009,E-commerce,failed,8935.69
TXN-002053,2026-04-19,Client_1008,E-commerce,success,6193.75
TXN-002054,2026-02-12,Client_1005,Bank Transfer,success,3562.24
TXN-002055,2026-04-03,Client_1003,Subscription,success,1103.24
TXN-002056,2026-03-04,Client_1004,E-commerce,success,8995.25
TXN-002057,2026-02-22,Client_1002,Subscription,success,7717.53
TXN-002058,2026-02-02,Client_1004,Subscription,success,3062.92
TXN-002059,2026-02-24,Client_1003,Retail,success,1176.08
TXN-002060,2026-02-26,Client_1008,Bills Payment,success,7496.2
TXN-002061,2026-01-01,Client_1006,Bills Payment,success,2920.51
TXN-002062,2026-01-18,Client_1007,Subscription,success,9019.88
TXN-002063,2026-01-21,Client_1004,Subscription,failed,9830.99
TXN-002064,2026-01-16,Client_1007,Subscription,success,8018.22
TXN-002065,2026-04-02,Client_1003,Bank Transfer,success,7825.34
TXN-002066,2026-02-21,Client_1009,Subscription,success,9581.02
TXN-002067,2026-04-12,Client_1001,Bills Payment,success,5050.01
TXN-002068,2026-04-09,Client_1004,E-commerce,success,3487.2
TXN-002069,2026-03-18,Client_1001,Subscription,success,2894.01
TXN-002070,2026-01-11,Client_1007,Bills Payment,success,7319.56
TXN-002071,2026-01-24,Client_1004,Bank Transfer,success,8655.25
TXN-002072,2026-03-31,Client_1004,Subscription,success,7093.96
TXN-002073,2026-04-14,Client_1002,Retail,success,1967.82
TXN-002074,2026-04-20,Client_1010,Bills Payment,success,1409.73
TXN-002075,2026-01-05,Client_1005,Bills Payment,failed,4320.4
TXN-002076,2026-03-20,Client_1004,E-commerce,success,3865.49
TXN-002077,2026-03-09,Client_1005,Bills Payment,success,4318.15
TXN-002078,2026-01-08,Client_1009,Subscription,success,3112.47
TXN-002079,2026-02-04,Client_1006,Bank Transfer,failed,7144.7
TXN-002080,2026-02-01,Client_1006,E-commerce,success,105.31
TXN-002081,2026-03-26,Client_1006,Bills Payment,success,2873.58
TXN-002082,2026-03-19,Client_1002,Subscription,success,9488.45
TXN-002083,2026-02-16,Client_1006,Bank Transfer,success,6722.58
TXN-002084,2026-03-29,Client_1009,Bills Payment,success,7438.79
TXN-002085,2026-02-16,Client_1010,Retail,success,2458.7
TXN-002086,2026-02-05,Client_1004,Retail,success,8883.22
TXN-002087,2026-01-17,Client_1010,E-commerce,success,9686.47
TXN-002088,2026-04-24,Client_1004,Bills Payment,success,9262.46
TXN-002089,2026-01-10,Client_1009,Retail,success,7280.97
TXN-002090,2026-04-08,Client_1004,Retail,success,533.73
TXN-002091,2026-01-25,Client_1007,Retail,success,8926.71
TXN-002092,2026-04-08,Client_1009,Bank Transfer,failed,4539.97
TXN-002093,2026-04-02,Client_1002,Subscription,success,4248.14
TXN-002094,2026-04-30,Client_1009,E-commerce,success,2814.07
TXN-002095,2026-01-17,Client_1005,E-commerce,failed,701.85
TXN-002096,2026-03-30,Client_1004,Subscription,success,5371.45
TXN-002097,2026-03-07,Client_1002,Bills Payment,success,5141.86
TXN-002098,2026-03-13,Client_1007,Subscription,success,2148.55
TXN-002099,2026-01-01,Client_1003,Retail,success,6997.55
TXN-002100,2026-04-23,Client_1009,Subscription,success,7233.73
TXN-002101,2026-02-03,Client_1005,Bills Payment,success,2758.3
TXN-002102,2026-01-16,Client_1003,Bills Payment,success,2458.35
TXN-002103,2026-01-06,Client_1003,Bank Transfer,failed,2777.31
TXN-002104,2026-04-12,Client_1001,Bills Payment,refunded,2178.73
TXN-002105,2026-01-15,Client_1001,Bank Transfer,success,9724.96
TXN-002106,2026-02-11,Client_1002,Retail,success,1422.75
TXN-002107,2026-04-25,Client_1010,Bank Transfer,success,666.91
TXN-002108,2026-04-15,Client_1001,Bank Transfer,success,9655.75
TXN-002109,2026-01-23,Client_1005,E-commerce,success,9789.75
TXN-002110,2026-04-10,Client_1010,E-commerce,success,6912.34
TXN-002111,2026-03-25,Client_1005,Retail,success,8186.79
TXN-002112,2026-01-29,Client_1006,Bank Transfer,success,6335.03
TXN-002113,2026-04-20,Client_1007,Bills Payment,success,7325.14
TXN-002114,2026-02-25,Client_1006,Bills Payment,failed,1027.54
TXN-002115,2026-01-24,Client_1008,Bills Payment,success,1843.49
TXN-002116,2026-03-14,Client_1008,Bills Payment,success,308.37
TXN-002117,2026-01-21,Client_1003,Subscription,success,1959.7
TXN-002118,2026-01-19,Client_1002,Subscription,success,9100.4
TXN-002119,2026-02-21,Client_1002,Retail,success,7529.4
TXN-002120,2026-01-02,Client_1010,E-commerce,success,305.09
TXN-002121,2026-04-16,Client_1001,E-commerce,success,7724.16
TXN-002122,2026-02-04,Client_1003,Retail,success,9666.97
TXN-002123,2026-04-12,Client_1002,Retail,success,3450.06
TXN-002124,2026-04-01,Client_1002,Bills Payment,success,7620.75
TXN-002125,2026-04-25,Client_1008,Bills Payment,success,4841.19
TXN-002126,2026-02-01,Client_1001,Retail,success,6312.11
TXN-002127,2026-01-16,Client_1001,E-commerce,success,3037.71
TXN-002128,2026-03-07,Client_1007,Bills Payment,success,2320.7
TXN-002129,2026-01-30,Client_1007,Subscription,success,6588.11
TXN-002130,2026-01-29,Client_1007,E-commerce,success,9908.6
TXN-002131,2026-01-29,Client_1002,Bank Transfer,success,6195.4
TXN-002132,2026-01-16,Client_1006,E-commerce,failed,6084.61
TXN-002133,2026-01-23,Client_1007,Retail,success,1895.52
TXN-002134,2026-02-24,Client_1003,Bank Transfer,success,2941.35
TXN-002135,2026-04-23,Client_1002,Bank Transfer,failed,6651.14
TXN-002136,2026-04-30,Client_1005,E-commerce,success,8630.97
TXN-002137,2026-01-20,Client_1003,Bank Transfer,success,4522.28
TXN-002138,2026-04-12,Client_1008,E-commerce,success,4331.79
TXN-002139,2026-04-04,Client_1005,Bills Payment,success,9948.24
TXN-002140,2026-01-24,Client_1007,Bank Transfer,success,4295.94
TXN-002141,2026-03-30,Client_1007,Retail,success,3401.3
TXN-002142,2026-04-13,Client_1004,Subscription,success,5021.31
TXN-002143,2026-03-10,Client_1008,Retail,success,2378.13
TXN-002144,2026-01-11,Client_1010,Subscription,success,7788.27
TXN-002145,2026-04-14,Client_1004,E-commerce,success,128.37
TXN-002146,2026-04-19,Client_1001,Bank Transfer,success,9580.4
TXN-002147,2026-04-28,Client_1002,E-commerce,failed,3672.5
TXN-002148,2026-04-19,Client_1003,Bank Transfer,success,8369.0
TXN-002149,2026-03-12,Client_1007,Bills Payment,success,2323.41
TXN-002150,2026-04-06,Client_1003,E-commerce,refunded,7069.23
TXN-002151,2026-02-18,Client_1001,Subscription,success,7043.88
TXN-002152,2026-03-26,Client_1010,E-commerce,success,5979.86
TXN-002153,2026-01-21,Client_1001,Bills Payment,success,882.03
TXN-002154,2026-01-10,Client_1001,Retail,success,4223.3
TXN-002155,2026-04-08,Client_1003,Subscription,success,7506.26
TXN-002156,2026-03-31,Client_1005,Subscription,success,3439.64
TXN-002157,2026-04-11,Client_1001,Bank Transfer,success,694.01
TXN-002158,2026-03-24,Client_1001,Retail,success,5082.62
TXN-002159,2026-01-02,Client_1007,Subscription,success,8772.17
TXN-002160,2026-03-12,Client_1005,Retail,success,7122.59
TXN-002161,2026-02-24,Client_1003,Bank Transfer,refunded,5262.86
TXN-002162,2026-01-17,Client_1004,Subscription,success,2267.17
TXN-002163,2026-01-24,Client_1009,Retail,success,8183.93
TXN-002164,2026-03-01,Client_1008,Bank Transfer,success,4110.49
TXN-002165,2026-02-18,Client_1003,E-commerce,success,6501.81
TXN-002166,2026-01-25,Client_1005,E-commerce,success,3690.75
TXN-002167,2026-04-10,Client_1006,E-commerce,success,1711.33
TXN-002168,2026-01-14,Client_1002,Bills Payment,success,7589.56
TXN-002169,2026-02-09,Client_1004,Retail,success,9299.1
TXN-002170,2026-01-31,Client_1005,E-commerce,refunded,5691.49
TXN-002171,2026-03-14,Client_1008,E-commerce,success,1022.79
TXN-002172,2026-02-09,Client_1001,Bank Transfer,success,9591.52
TXN-002173,2026-03-06,Client_1004,Bank Transfer,success,7284.31
TXN-002174,2026-01-17,Client_1002,Bank Transfer,success,7440.37
TXN-002175,2026-01-13,Client_1009,Bills Payment,success,7981.09
TXN-002176,2026-03-03,Client_1010,E-commerce,success,1600.22
TXN-002177,2026-03-01,Client_1002,E-commerce,failed,2392.54
TXN-002178,2026-01-28,Client_1003,Bills Payment,refunded,5066.04
TXN-002179,2026-04-04,Client_1010,Retail,failed,3480.01
TXN-002180,2026-04-11,Client_1003,Bank Transfer,success,6272.36
TXN-002181,2026-02-25,Client_1001,Subscription,success,9970.39
TXN-002182,2026-03-19,Client_1002,Bills Payment,success,9944.6
TXN-002183,2026-01-13,Client_1001,Bills Payment,success,3164.47
TXN-002184,2026-04-22,Client_1002,Subscription,success,3205.82
TXN-002185,2026-04-30,Client_1005,Bills Payment,success,5807.47
TXN-002186,2026-02-15,Client_1002,E-commerce,success,7742.21
TXN-002187,2026-02-03,Client_1008,Bank Transfer,success,4476.25
TXN-002188,2026-04-29,Client_1003,E-commerce,refunded,4933.76
TXN-002189,2026-02-16,Client_1005,Subscription,success,6234.87
TXN-002190,2026-03-29,Client_1003,Subscription,success,8463.87
TXN-002191,2026-02-10,Client_1006,E-commerce,success,5108.83
TXN-002192,2026-02-03,Client_1001,Retail,refunded,664.88
TXN-002193,2026-04-12,Client_1004,Retail,success,8545.29
TXN-002194,2026-02-07,Client_1007,Bills Payment,success,8552.91
TXN-002195,2026-01-29,Client_1007,Subscription,success,3554.49
TXN-002196,2026-03-01,Client_1009,Subscription,success,1884.71
TXN-002197,2026-01-14,Client_1007,Subscription,success,3354.33
TXN-002198,2026-02-10,Client_1006,Retail,success,7052.68
TXN-002199,2026-03-02,Client_1002,Bank Transfer,success,5496.3
TXN-002200,2026-03-02,Client_1003,Bills Payment,success,410.1
TXN-002201,2026-03-18,Client_1007,E-commerce,failed,3678.78
TXN-002202,2026-02-25,Client_1008,Bills Payment,success,8693.4
TXN-002203,2026-04-08,Client_1007,Bank Transfer,success,1843.45
TXN-002204,2026-01-19,Client_1002,Bank Transfer,success,3053.53
TXN-002205,2026-04-02,Client_1008,Subscription,success,6729.48
TXN-002206,2026-02-03,Client_1003,E-commerce,success,9026.25
TXN-002207,2026-02-13,Client_1005,Bills Payment,success,9425.22
TXN-002208,2026-03-03,Client_1008,Retail,success,1690.82
TXN-002209,2026-03-31,Client_1007,Bank Transfer,failed,5746.14
TXN-002210,2026-04-16,Client_1001,Retail,success,6011.57
TXN-002211,2026-01-10,Client_1010,Retail,success,6674.22
TXN-002212,2026-04-16,Client_1006,E-commerce,success,4640.72
TXN-002213,2026-01-19,Client_1008,Bank Transfer,success,9702.76
TXN-002214,2026-02-22,Client_1005,Retail,success,9883.56
TXN-002215,2026-04-17,Client_1003,Subscription,success,5825.93
TXN-002216,2026-01-05,Client_1004,Bills Payment,success,5506.25
TXN-002217,2026-01-22,Client_1010,Subscription,success,2176.65
TXN-002218,2026-01-25,Client_1010,E-commerce,success,3701.57
TXN-002219,2026-02-08,Client_1005,Retail,success,1334.98
TXN-002220,2026-03-05,Client_1008,Subscription,success,3586.89
TXN-002221,2026-03-11,Client_1007,Retail,refunded,3424.68
TXN-002222,2026-04-29,Client_1003,Subscription,success,1851.26
TXN-002223,2026-03-18,Client_1003,Retail,success,2921.78
TXN-002224,2026-03-26,Client_1007,Bank Transfer,success,9385.23
TXN-002225,2026-04-26,Client_1002,E-commerce,success,1127.74
TXN-002226,2026-03-25,Client_1001,Retail,failed,1126.39
TXN-002227,2026-04-06,Client_1010,Retail,success,4496.62
TXN-002228,2026-03-16,Client_1001,Bank Transfer,success,2197.52
TXN-002229,2026-04-10,Client_1008,Retail,success,2036.05
TXN-002230,2026-03-02,Client_1002,Bank Transfer,refunded,9148.89
TXN-002231,2026-02-22,Client_1007,E-commerce,failed,7843.74
TXN-002232,2026-03-06,Client_1005,Bank Transfer,success,2718.54
TXN-002233,2026-04-18,Client_1007,Bills Payment,success,9099.68
TXN-002234,2026-01-05,Client_1001,E-commerce,success,3806.62
TXN-002235,2026-04-15,Client_1009,Retail,success,1787.07
TXN-002236,2026-03-15,Client_1007,Bills Payment,success,3974.49
TXN-002237,2026-03-20,Client_1007,E-commerce,success,5820.75
TXN-002238,2026-01-17,Client_1007,Bills Payment,success,3249.44
TXN-002239,2026-01-21,Client_1007,Bills Payment,success,8031.6
TXN-002240,2026-03-06,Client_1002,Retail,success,8446.0
TXN-002241,2026-03-22,Client_1005,Retail,success,3291.81
TXN-002242,2026-01-12,Client_1002,E-commerce,success,6326.05
TXN-002243,2026-03-17,Client_1003,E-commerce,success,5482.36
TXN-002244,2026-01-11,Client_1010,Subscription,success,7368.27
TXN-002245,2026-02-28,Client_1006,Bills Payment,success,8989.3
TXN-002246,2026-02-08,Client_1004,Retail,success,7290.49
TXN-002247,2026-04-14,Client_1007,Bank Transfer,success,2822.15
TXN-002248,2026-04-30,Client_1003,E-commerce,success,5835.61
TXN-002249,2026-01-14,Client_1002,Subscription,failed,1314.57
TXN-002250,2026-01-19,Client_1005,Bank Transfer,failed,1018.49
TXN-002251,2026-03-05,Client_1006,Bills Payment,success,4961.27
TXN-002252,2026-01-03,Client_1007,E-commerce,success,6294.26
TXN-002253,2026-01-27,Client_1007,Subscription,failed,6372.16
TXN-002254,2026-02-27,Client_1003,Bills Payment,success,9046.02
TXN-002255,2026-03-26,Client_1010,Retail,success,1260.35
TXN-002256,2026-02-13,Client_1006,Subscription,refunded,6039.93
TXN-002257,2026-01-01,Client_1003,Retail,success,9273.17
TXN-002258,2026-01-25,Client_1010,E-commerce,success,5228.15
TXN-002259,2026-04-08,Client_1003,Bills Payment,success,1236.41
TXN-002260,2026-01-28,Client_1001,Bank Transfer,success,926.08
TXN-002261,2026-03-30,Client_1003,Bank Transfer,success,2072.45
TXN-002262,2026-01-12,Client_1006,Retail,success,4723.73
TXN-002263,2026-04-14,Client_1008,Subscription,success,4059.43
TXN-002264,2026-01-25,Client_1005,Bills Payment,success,8475.75
TXN-002265,2026-04-02,Client_1005,Subscription,success,7952.22
TXN-002266,2026-03-17,Client_1005,Bills Payment,success,9542.24
TXN-002267,2026-03-04,Client_1007,Subscription,success,7496.08
TXN-002268,2026-04-15,Client_1006,Retail,success,3892.15
TXN-002269,2026-01-26,Client_1010,Bank Transfer,success,6363.71
TXN-002270,2026-01-09,Client_1008,Bills Payment,failed,9585.16
TXN-002271,2026-02-02,Client_1010,Subscription,success,8284.2
TXN-002272,2026-03-24,Client_1009,Bank Transfer,success,1235.03
TXN-002273,2026-04-14,Client_1006,Subscription,success,3641.67
TXN-002274,2026-01-10,Client_1004,Bank Transfer,success,7817.19
TXN-002275,2026-01-16,Client_1001,Bank Transfer,success,7196.35
TXN-002276,2026-01-28,Client_1008,Retail,success,8997.57
TXN-002277,2026-03-13,Client_1002,Subscription,success,2200.53
TXN-002278,2026-01-28,Client_1002,Retail,success,6118.25
TXN-002279,2026-04-24,Client_1002,Retail,failed,4275.33
TXN-002280,2026-04-07,Client_1007,Bank Transfer,success,2061.69
TXN-002281,2026-01-07,Client_1008,Subscription,success,2816.71
TXN-002282,2026-01-16,Client_1002,Subscription,success,3336.06
TXN-002283,2026-02-19,Client_1004,Retail,success,276.58
TXN-002284,2026-04-11,Client_1010,E-commerce,failed,2915.22
TXN-002285,2026-04-18,Client_1007,E-commerce,failed,9188.54
TXN-002286,2026-01-06,Client_1006,E-commerce,success,1041.69
TXN-002287,2026-04-13,Client_1007,Bank Transfer,success,7561.55
TXN-002288,2026-02-21,Client_1002,Retail,success,4988.8
TXN-002289,2026-01-07,Client_1007,Bank Transfer,success,4600.36
TXN-002290,2026-04-19,Client_1002,Bank Transfer,failed,1117.16
TXN-002291,2026-01-29,Client_1001,E-commerce,success,9936.05
TXN-002292,2026-04-21,Client_1007,Bills Payment,success,1992.48
TXN-002293,2026-04-26,Client_1006,Retail,refunded,9347.69
TXN-002294,2026-04-22,Client_1001,Bank Transfer,failed,526.45
TXN-002295,2026-01-07,Client_1005,E-commerce,success,6910.42
TXN-002296,2026-04-12,Client_1007,Bank Transfer,success,9256.1
TXN-002297,2026-03-16,Client_1008,E-commerce,success,8632.76
TXN-002298,2026-04-07,Client_1010,Subscription,success,6715.53
TXN-002299,2026-03-08,Client_1009,Bills Payment,success,6646.56
TXN-002300,2026-02-05,Client_1006,Subscription,success,2711.74
TXN-002301,2026-02-07,Client_1002,Bank Transfer,success,8741.44
TXN-002302,2026-03-26,Client_1004,E-commerce,success,4996.6
TXN-002303,2026-01-28,Client_1001,Bills Payment,success,3912.1
TXN-002304,2026-03-04,Client_1002,Bank Transfer,success,5946.18
TXN-002305,2026-03-09,Client_1009,Bank Transfer,success,3187.07
TXN-002306,2026-02-28,Client_1003,Retail,success,1387.6
TXN-002307,2026-04-28,Client_1006,Subscription,refunded,8691.8
TXN-002308,2026-03-07,Client_1004,Subscription,success,2850.6
TXN-002309,2026-01-22,Client_1005,Retail,success,1558.17
TXN-002310,2026-04-23,Client_1002,E-commerce,success,8951.57
TXN-002311,2026-01-24,Client_1005,E-commerce,success,5355.77
TXN-002312,2026-02-15,Client_1005,E-commerce,failed,932.26
TXN-002313,2026-02-25,Client_1004,Bills Payment,success,4365.4
TXN-002314,2026-02-12,Client_1001,Subscription,success,1068.35
TXN-002315,2026-03-25,Client_1007,Subscription,success,1975.55
TXN-002316,2026-01-23,Client_1010,Bank Transfer,success,4986.8
TXN-002317,2026-02-25,Client_1002,E-commerce,success,9593.82
TXN-002318,2026-01-29,Client_1002,E-commerce,failed,5794.78
TXN-002319,2026-01-31,Client_1002,Retail,success,2342.0
TXN-002320,2026-03-21,Client_1007,Subscription,success,2276.89
TXN-002321,2026-04-16,Client_1005,Subscription,success,7878.7
TXN-002322,2026-02-14,Client_1005,Retail,success,130.76
TXN-002323,2026-01-24,Client_1009,Retail,success,3122.71
TXN-002324,2026-04-27,Client_1004,Bills Payment,success,787.6
TXN-002325,2026-01-24,Client_1006,Subscription,success,226.07
TXN-002326,2026-03-02,Client_1007,Bank Transfer,success,9746.27
TXN-002327,2026-04-23,Client_1002,Bills Payment,success,8545.59
TXN-002328,2026-03-18,Client_1006,Subscription,success,4934.24
TXN-002329,2026-02-01,Client_1008,E-commerce,success,272.17
TXN-002330,2026-03-29,Client_1005,Bills Payment,success,1756.32
TXN-002331,2026-01-19,Client_1002,E-commerce,success,7388.25
TXN-002332,2026-02-27,Client_1008,Bank Transfer,refunded,2647.66
TXN-002333,2026-03-04,Client_1005,Bank Transfer,success,8294.72
TXN-002334,2026-02-08,Client_1006,Retail,success,8583.87
TXN-002335,2026-04-26,Client_1010,Subscription,success,6889.26
TXN-002336,2026-04-04,Client_1001,Bills Payment,refunded,8577.03
TXN-002337,2026-03-26,Client_1003,Bank Transfer,success,2519.24
TXN-002338,2026-04-05,Client_1007,Bank Transfer,success,983.81
TXN-002339,2026-04-28,Client_1007,E-commerce,refunded,8783.73
TXN-002340,2026-03-28,Client_1009,Subscription,refunded,8773.32
TXN-002341,2026-01-23,Client_1005,Bank Transfer,failed,3971.16
TXN-002342,2026-02-23,Client_1005,Bank Transfer,success,5837.22
TXN-002343,2026-03-31,Client_1006,Retail,success,7973.8
TXN-002344,2026-03-14,Client_1006,Bank Transfer,success,182.52
TXN-002345,2026-04-29,Client_1003,Subscription,success,5279.54
TXN-002346,2026-02-07,Client_1010,Retail,success,3106.09
TXN-002347,2026-02-06,Client_1002,Bank Transfer,success,505.44
TXN-002348,2026-02-06,Client_1010,E-commerce,success,3127.63
TXN-002349,2026-02-25,Client_1006,E-commerce,success,1463.42
TXN-002350,2026-04-23,Client_1005,Retail,success,7711.97
TXN-002351,2026-01-20,Client_1002,Bank Transfer,success,7357.23
TXN-002352,2026-02-25,Client_1010,E-commerce,success,418.15
TXN-002353,2026-04-30,Client_1006,Bills Payment,success,6406.74
TXN-002354,2026-02-24,Client_1007,E-commerce,failed,9209.92
TXN-002355,2026-03-18,Client_1005,Bills Payment,success,6821.34
TXN-002356,2026-02-11,Client_1010,Bills Payment,success,2075.12
TXN-002357,2026-01-18,Client_1007,Retail,success,3119.46
TXN-002358,2026-02-08,Client_1010,Subscription,success,3822.06
TXN-002359,2026-04-23,Client_1007,E-commerce,success,4474.82
TXN-002360,2026-02-10,Client_1009,Bank Transfer,success,4333.92
TXN-002361,2026-02-23,Client_1007,Subscription,success,5633.2
TXN-002362,2026-04-09,Client_1007,E-commerce,success,6190.56
TXN-002363,2026-02-08,Client_1004,Retail,success,1360.02
TXN-002364,2026-03-11,Client_1010,Bank Transfer,success,8466.56
TXN-002365,2026-01-17,Client_1007,E-commerce,success,7653.66
TXN-002366,2026-03-08,Client_1008,E-commerce,success,2774.73
TXN-002367,2026-03-25,Client_1002,Bank Transfer,success,8237.21
TXN-002368,2026-03-14,Client_1008,Bank Transfer,success,1302.28
TXN-002369,2026-03-16,Client_1009,E-commerce,success,5211.01
TXN-002370,2026-03-13,Client_1008,Bills Payment,success,6789.24
TXN-002371,2026-04-20,Client_1003,Bank Transfer,success,7219.51
TXN-002372,2026-04-30,Client_1001,Subscription,success,2086.93
TXN-002373,2026-01-09,Client_1001,Bills Payment,success,1298.24
TXN-002374,2026-01-13,Client_1004,Bills Payment,success,344.1
TXN-002375,2026-03-06,Client_1008,Subscription,success,1305.93
TXN-002376,2026-02-21,Client_1008,Bills Payment,success,8433.04
TXN-002377,2026-03-11,Client_1005,Retail,success,8607.21
TXN-002378,2026-03-20,Client_1002,Subscription,success,314.41
TXN-002379,2026-01-19,Client_1004,Bills Payment,success,7026.32
TXN-002380,2026-01-26,Client_1008,Subscription,success,6708.6
TXN-002381,2026-03-17,Client_1008,Bank Transfer,success,3972.77
TXN-002382,2026-03-31,Client_1002,Subscription,success,4305.85
TXN-002383,2026-01-04,Client_1005,Subscription,success,3955.35
TXN-002384,2026-03-16,Client_1005,E-commerce,success,8942.89
TXN-002385,2026-03-21,Client_1008,E-commerce,failed,3611.8
TXN-002386,2026-01-18,Client_1008,Subscription,success,9819.36
TXN-002387,2026-02-15,Client_1009,Retail,success,9035.25
TXN-002388,2026-03-09,Client_1007,Retail,success,6593.6
TXN-002389,2026-02-15,Client_1010,Bank Transfer,success,8600.77
TXN-002390,2026-01-18,Client_1005,Bank Transfer,failed,775.28
TXN-002391,2026-04-18,Client_1008,Subscription,refunded,6097.83
TXN-002392,2026-01-24,Client_1010,Retail,success,5301.8
TXN-002393,2026-01-17,Client_1006,Retail,failed,3546.14
TXN-002394,2026-03-21,Client_1007,E-commerce,success,8535.11
TXN-002395,2026-01-21,Client_1004,E-commerce,success,5044.4
TXN-002396,2026-03-28,Client_1008,Bank Transfer,success,9815.15
TXN-002397,2026-04-14,Client_1004,E-commerce,failed,1822.58
TXN-002398,2026-04-25,Client_1007,Subscription,failed,713.07
TXN-002399,2026-02-02,Client_1002,E-commerce,success,821.53
TXN-002400,2026-04-08,Client_1006,Retail,success,391.65
TXN-002401,2026-01-23,Client_1006,E-commerce,success,3838.53
TXN-002402,2026-03-23,Client_1010,Retail,success,2599.7
TXN-002403,2026-02-26,Client_1005,Bills Payment,success,1704.69
TXN-002404,2026-04-15,Client_1009,Bills Payment,success,340.01
TXN-002405,2026-03-27,Client_1002,Bills Payment,success,1491.57
TXN-002406,2026-01-01,Client_1006,Subscription,success,8658.46
TXN-002407,2026-02-13,Client_1003,Retail,success,8340.79
TXN-002408,2026-03-15,Client_1008,Retail,success,6222.94
TXN-002409,2026-03-13,Client_1003,E-commerce,success,6292.16
TXN-002410,2026-04-22,Client_1002,Retail,success,7845.63
TXN-002411,2026-02-08,Client_1002,E-commerce,success,609.64
TXN-002412,2026-03-11,Client_1006,E-commerce,success,9412.11
TXN-002413,2026-04-29,Client_1005,Subscription,success,772.73
TXN-002414,2026-04-22,Client_1003,Bank Transfer,success,5796.02
TXN-002415,2026-04-20,Client_1009,Retail,success,4052.27
TXN-002416,2026-01-08,Client_1009,E-commerce,success,9375.58
TXN-002417,2026-02-03,Client_1001,E-commerce,success,2682.72
TXN-002418,2026-02-12,Client_1001,Bills Payment,success,8185.95
TXN-002419,2026-02-12,Client_1001,Bills Payment,success,8076.05
TXN-002420,2026-03-14,Client_1010,E-commerce,success,800.55
TXN-002421,2026-02-23,Client_1010,Retail,failed,8886.43
TXN-002422,2026-03-03,Client_1003,Bank Transfer,success,1130.21
TXN-002423,2026-03-05,Client_1009,Bills Payment,success,4372.0
TXN-002424,2026-02-08,Client_1004,E-commerce,failed,360.9
TXN-002425,2026-04-11,Client_1004,Retail,success,3855.95
TXN-002426,2026-03-29,Client_1001,Retail,success,3932.54
TXN-002427,2026-02-18,Client_1003,Subscription,success,5540.49
TXN-002428,2026-01-15,Client_1008,E-commerce,failed,9827.09
TXN-002429,2026-02-17,Client_1006,Bills Payment,success,9188.88
TXN-002430,2026-01-31,Client_1004,E-commerce,success,2348.55
TXN-002431,2026-04-06,Client_1009,Retail,success,8037.49
TXN-002432,2026-04-22,Client_1004,E-commerce,success,1354.49
TXN-002433,2026-01-24,Client_1005,E-commerce,success,6063.92
TXN-002434,2026-04-24,Client_1004,Bank Transfer,success,4038.4
TXN-002435,2026-03-26,Client_1002,E-commerce,success,9389.86
TXN-002436,2026-01-27,Client_1008,Bank Transfer,failed,8601.73
TXN-002437,2026-02-26,Client_1005,Bank Transfer,success,2997.57
TXN-002438,2026-03-25,Client_1004,Retail,failed,3256.7
TXN-002439,2026-03-11,Client_1009,E-commerce,success,9014.21
TXN-002440,2026-04-01,Client_1010,Subscription,success,2115.19
TXN-002441,2026-01-18,Client_1009,Bills Payment,success,5574.36
TXN-002442,2026-01-16,Client_1006,Bills Payment,success,2427.54
TXN-002443,2026-02-26,Client_1008,E-commerce,success,8379.62
TXN-002444,2026-02-04,Client_1005,Retail,success,8289.07
TXN-002445,2026-01-11,Client_1001,Bank Transfer,success,3900.97
TXN-002446,2026-01-03,Client_1007,Subscription,success,2322.04
TXN-002447,2026-02-18,Client_1003,Subscription,success,6637.98
TXN-002448,2026-01-05,Client_1009,Bank Transfer,failed,9109.53
TXN-002449,2026-04-07,Client_1006,Bank Transfer,success,5950.49
TXN-002450,2026-04-07,Client_1001,Bank Transfer,success,6253.15
TXN-002451,2026-04-21,Client_1007,E-commerce,success,5577.61
TXN-002452,2026-04-03,Client_1005,Retail,success,5768.77
TXN-002453,2026-03-14,Client_1009,Bank Transfer,success,3874.78
TXN-002454,2026-04-06,Client_1004,Bills Payment,failed,2878.93
TXN-002455,2026-03-29,Client_1005,E-commerce,refunded,7736.26
TXN-002456,2026-02-07,Client_1006,Retail,success,6193.92
TXN-002457,2026-02-16,Client_1005,Bank Transfer,success,8121.57
TXN-002458,2026-03-19,Client_1001,E-commerce,success,6641.69
TXN-002459,2026-04-18,Client_1005,Bills Payment,success,270.94
TXN-002460,2026-01-02,Client_1008,E-commerce,refunded,4854.06
TXN-002461,2026-04-19,Client_1009,Bills Payment,success,5837.75
TXN-002462,2026-01-11,Client_1005,Retail,success,9537.6
TXN-002463,2026-02-26,Client_1003,Bank Transfer,success,2833.83
TXN-002464,2026-04-22,Client_1008,Bills Payment,success,1827.5
TXN-002465,2026-04-22,Client_1010,E-commerce,success,6580.55
TXN-002466,2026-01-24,Client_1009,Subscription,success,515.36
TXN-002467,2026-04-02,Client_1004,E-commerce,failed,9920.51
TXN-002468,2026-02-02,Client_1001,Bank Transfer,success,542.86
TXN-002469,2026-01-31,Client_1006,E-commerce,success,4493.75
TXN-002470,2026-03-07,Client_1002,Bills Payment,success,5746.62
TXN-002471,2026-04-17,Client_1007,E-commerce,success,8770.95
TXN-002472,2026-01-19,Client_1001,Bank Transfer,success,3666.84
TXN-002473,2026-02-22,Client_1006,Subscription,failed,3011.22
TXN-002474,2026-01-04,Client_1003,Bank Transfer,success,9310.05
TXN-002475,2026-04-27,Client_1010,E-commerce,success,2193.65
TXN-002476,2026-02-10,Client_1009,Retail,success,7157.12
TXN-002477,2026-01-28,Client_1007,Retail,success,7289.97
TXN-002478,2026-02-18,Client_1002,E-commerce,failed,9923.96
TXN-002479,2026-03-14,Client_1009,Retail,success,7366.12
TXN-002480,2026-03-10,Client_1002,Retail,success,6110.31
TXN-002481,2026-03-26,Client_1009,Retail,success,2764.91
TXN-002482,2026-04-18,Client_1010,Bank Transfer,failed,3353.98
TXN-002483,2026-04-13,Client_1006,Bills Payment,success,7507.06
TXN-002484,2026-01-15,Client_1004,Subscription,success,8814.25
TXN-002485,2026-02-16,Client_1002,Bank Transfer,success,856.79
TXN-002486,2026-02-16,Client_1008,Retail,success,7884.41
TXN-002487,2026-01-30,Client_1010,Bills Payment,failed,2524.94
TXN-002488,2026-04-27,Client_1007,Retail,success,6094.9
TXN-002489,2026-04-12,Client_1005,Bank Transfer,success,906.91
TXN-002490,2026-02-23,Client_1009,Bills Payment,success,6363.03
TXN-002491,2026-04-09,Client_1004,Bills Payment,success,253.57
TXN-002492,2026-01-16,Client_1007,Bank Transfer,success,7142.68
TXN-002493,2026-03-02,Client_1002,Bills Payment,success,8355.2
TXN-002494,2026-01-04,Client_1003,E-commerce,success,8682.11
TXN-002495,2026-04-28,Client_1007,Subscription,success,4082.94
TXN-002496,2026-03-13,Client_1004,Bank Transfer,success,8984.52
TXN-002497,2026-04-25,Client_1006,Retail,success,1166.94
TXN-002498,2026-04-03,Client_1001,E-commerce,success,3614.08
TXN-002499,2026-02-27,Client_1007,Subscription,success,4413.33
TXN-002500,2026-04-07,Client_1008,Bills Payment,success,7264.7
TXN-002501,2026-03-17,Client_1009,E-commerce,success,177.06
TXN-002502,2026-03-17,Client_1006,Subscription,success,4442.01
TXN-002503,2026-03-07,Client_1010,Bank Transfer,failed,1059.3
TXN-002504,2026-02-08,Client_1008,Bank Transfer,success,5225.01
TXN-002505,2026-03-09,Client_1010,Retail,success,4324.23
TXN-002506,2026-02-11,Client_1007,Bank Transfer,success,9539.79
TXN-002507,2026-01-06,Client_1004,Subscription,success,5793.86
TXN-002508,2026-03-20,Client_1006,E-commerce,success,1739.37
TXN-002509,2026-02-06,Client_1005,Subscription,success,8864.96
TXN-002510,2026-02-06,Client_1005,Retail,success,9252.71
TXN-002511,2026-03-27,Client_1005,Bills Payment,success,5566.42
TXN-002512,2026-03-07,Client_1003,E-commerce,success,493.48
TXN-002513,2026-04-25,Client_1009,Retail,success,165.98
TXN-002514,2026-04-17,Client_1001,Bank Transfer,success,9423.88
TXN-002515,2026-03-15,Client_1007,Subscription,success,8327.27
TXN-002516,2026-02-07,Client_1002,E-commerce,success,4379.43
TXN-002517,2026-02-03,Client_1002,Bills Payment,refunded,7343.17
TXN-002518,2026-01-15,Client_1006,E-commerce,success,2302.17
TXN-002519,2026-01-10,Client_1006,Bills Payment,success,2833.47
TXN-002520,2026-03-22,Client_1009,E-commerce,success,3216.62
TXN-002521,2026-04-29,Client_1001,Subscription,success,7080.53
TXN-002522,2026-03-08,Client_1006,Bills Payment,success,6645.19
TXN-002523,2026-04-23,Client_1001,E-commerce,success,5904.8
TXN-002524,2026-04-22,Client_1004,Bills Payment,success,1599.19
TXN-002525,2026-04-15,Client_1003,Subscription,success,2065.87
TXN-002526,2026-04-23,Client_1002,Retail,success,7519.52
TXN-002527,2026-01-01,Client_1007,E-commerce,success,6151.05
TXN-002528,2026-04-01,Client_1003,E-commerce,success,2704.43
TXN-002529,2026-02-18,Client_1010,Bills Payment,success,4893.91
TXN-002530,2026-03-26,Client_1003,Bank Transfer,success,8762.89
TXN-002531,2026-03-27,Client_1008,Subscription,success,3982.88
TXN-002532,2026-02-15,Client_1009,Subscription,success,2267.41
TXN-002533,2026-04-23,Client_1005,Subscription,refunded,3321.43
TXN-002534,2026-03-26,Client_1007,E-commerce,success,9567.52
TXN-002535,2026-03-26,Client_1002,Bank Transfer,success,7077.71
TXN-002536,2026-04-10,Client_1008,Subscription,success,6903.5
TXN-002537,2026-01-04,Client_1005,Bank Transfer,success,8909.13
TXN-002538,2026-04-11,Client_1007,E-commerce,success,3299.6
TXN-002539,2026-03-28,Client_1006,Subscription,success,4475.32
TXN-002540,2026-02-21,Client_1005,E-commerce,success,7309.05
TXN-002541,2026-02-13,Client_1001,Bank Transfer,success,2290.97
TXN-002542,2026-04-23,Client_1003,Retail,success,6290.34
TXN-002543,2026-03-20,Client_1010,Bank Transfer,success,5443.7
TXN-002544,2026-04-03,Client_1001,Subscription,success,7076.83
TXN-002545,2026-04-27,Client_1006,Retail,success,587.23
TXN-002546,2026-01-27,Client_1006,Retail,success,1654.23
TXN-002547,2026-03-10,Client_1007,Bills Payment,success,1697.9
TXN-002548,2026-02-17,Client_1006,Subscription,success,7360.01
TXN-002549,2026-01-02,Client_1001,E-commerce,success,5312.9
TXN-002550,2026-03-06,Client_1007,Subscription,success,2902.59
TXN-002551,2026-01-04,Client_1004,Bills Payment,success,7524.16
TXN-002552,2026-04-15,Client_1007,Subscription,success,7431.2
TXN-002553,2026-02-04,Client_1002,E-commerce,success,7248.92
TXN-002554,2026-04-08,Client_1007,E-commerce,success,8319.49
TXN-002555,2026-03-19,Client_1003,E-commerce,success,7946.94
TXN-002556,2026-01-25,Client_1010,Bank Transfer,success,4309.01
TXN-002557,2026-04-06,Client_1001,Bank Transfer,success,2106.4
TXN-002558,2026-02-03,Client_1010,Subscription,success,4352.39
TXN-002559,2026-01-29,Client_1007,Retail,success,2915.79
TXN-002560,2026-03-31,Client_1009,Retail,success,270.4
TXN-002561,2026-03-05,Client_1007,Bank Transfer,success,7174.33
TXN-002562,2026-02-27,Client_1004,Retail,refunded,4033.75
TXN-002563,2026-01-30,Client_1008,Bank Transfer,success,1178.59
TXN-002564,2026-02-09,Client_1006,Bills Payment,success,9760.59
TXN-002565,2026-01-13,Client_1009,Bills Payment,success,9426.72
TXN-002566,2026-03-17,Client_1004,E-commerce,success,6203.24
TXN-002567,2026-03-02,Client_1009,Retail,success,683.44
TXN-002568,2026-03-05,Client_1005,Subscription,success,3444.9
TXN-002569,2026-01-20,Client_1001,Bank Transfer,success,6027.43
TXN-002570,2026-04-22,Client_1001,Bank Transfer,success,7574.88
TXN-002571,2026-04-12,Client_1008,Retail,success,9598.81
TXN-002572,2026-01-31,Client_1006,Subscription,success,5192.87
TXN-002573,2026-04-20,Client_1002,E-commerce,success,867.29
TXN-002574,2026-01-17,Client_1001,Bills Payment,success,1302.63
TXN-002575,2026-01-26,Client_1008,E-commerce,success,4299.4
TXN-002576,2026-01-22,Client_1009,Subscription,success,8754.73
TXN-002577,2026-02-23,Client_1007,E-commerce,success,4411.25
TXN-002578,2026-02-07,Client_1005,Retail,success,8906.5
TXN-002579,2026-03-14,Client_1003,Bills Payment,success,6881.74
TXN-002580,2026-04-13,Client_1010,Bank Transfer,success,2587.27
TXN-002581,2026-03-01,Client_1004,Bank Transfer,failed,7229.29
TXN-002582,2026-04-20,Client_1003,Bills Payment,success,8311.14
TXN-002583,2026-01-02,Client_1006,Subscription,success,4757.89
TXN-002584,2026-01-01,Client_1005,Bills Payment,success,1029.09
TXN-002585,2026-02-28,Client_1006,E-commerce,success,4740.07
TXN-002586,2026-01-21,Client_1002,Bank Transfer,success,8845.1
TXN-002587,2026-02-14,Client_1001,Bills Payment,success,8225.47
TXN-002588,2026-04-22,Client_1007,Retail,success,3736.02
TXN-002589,2026-04-09,Client_1007,Bank Transfer,success,6451.83
TXN-002590,2026-01-26,Client_1002,Retail,success,7333.51
TXN-002591,2026-02-05,Client_1003,Bank Transfer,success,1354.37
TXN-002592,2026-03-08,Client_1010,Subscription,success,7742.59
TXN-002593,2026-03-17,Client_1010,Bank Transfer,refunded,7398.93
TXN-002594,2026-03-20,Client_1008,Bills Payment,success,7855.31
TXN-002595,2026-01-28,Client_1002,Retail,success,1731.7
TXN-002596,2026-04-22,Client_1001,Bank Transfer,success,9701.44
TXN-002597,2026-01-18,Client_1009,Subscription,success,4769.72
TXN-002598,2026-02-08,Client_1009,E-commerce,success,3993.14
TXN-002599,2026-04-10,Client_1007,Subscription,success,8402.63
TXN-002600,2026-02-10,Client_1009,E-commerce,failed,8437.69
TXN-002601,2026-01-22,Client_1005,Bills Payment,success,5648.81
TXN-002602,2026-03-04,Client_1005,E-commerce,success,4410.59
TXN-002603,2026-02-14,Client_1003,E-commerce,success,8568.19
TXN-002604,2026-04-09,Client_1006,Subscription,success,5641.96
TXN-002605,2026-04-28,Client_1004,Subscription,success,9338.61
TXN-002606,2026-01-02,Client_1004,Subscription,success,2029.4
TXN-002607,2026-03-17,Client_1005,Bank Transfer,success,3751.79
TXN-002608,2026-02-02,Client_1009,E-commerce,success,431.93
TXN-002609,2026-02-05,Client_1008,Subscription,success,6985.44
TXN-002610,2026-02-02,Client_1005,E-commerce,refunded,8250.92
TXN-002611,2026-04-21,Client_1008,Retail,success,4953.97
TXN-002612,2026-03-02,Client_1009,E-commerce,success,385.49
TXN-002613,2026-04-25,Client_1003,Bills Payment,success,1403.32
TXN-002614,2026-02-23,Client_1002,E-commerce,success,7134.85
TXN-002615,2026-02-10,Client_1002,Retail,success,8540.5
TXN-002616,2026-03-25,Client_1010,E-commerce,success,6752.71
TXN-002617,2026-04-26,Client_1006,Bills Payment,failed,5909.79
TXN-002618,2026-02-16,Client_1009,E-commerce,failed,4091.41
TXN-002619,2026-04-18,Client_1001,E-commerce,success,7636.8
TXN-002620,2026-01-19,Client_1005,E-commerce,success,540.63
TXN-002621,2026-03-19,Client_1004,Retail,success,6389.47
TXN-002622,2026-04-18,Client_1001,Bank Transfer,success,3571.78
TXN-002623,2026-02-13,Client_1008,Retail,success,952.34
TXN-002624,2026-04-30,Client_1008,E-commerce,success,996.56
TXN-002625,2026-04-04,Client_1002,Bills Payment,success,6303.59
TXN-002626,2026-01-03,Client_1003,E-commerce,success,3807.84
TXN-002627,2026-01-11,Client_1004,Bank Transfer,success,6458.94
TXN-002628,2026-04-26,Client_1004,Bills Payment,success,3855.17
TXN-002629,2026-02-06,Client_1003,Bank Transfer,success,3223.86
TXN-002630,2026-01-29,Client_1004,Bank Transfer,failed,1853.41
TXN-002631,2026-02-07,Client_1005,Subscription,success,4949.87
TXN-002632,2026-03-16,Client_1006,Bank Transfer,success,5278.12
TXN-002633,2026-04-17,Client_1003,E-commerce,failed,5893.71
TXN-002634,2026-01-20,Client_1009,Retail,success,7051.66
TXN-002635,2026-02-14,Client_1005,Bills Payment,success,9688.06
TXN-002636,2026-03-12,Client_1005,E-commerce,success,2186.15
TXN-002637,2026-01-28,Client_1008,Bank Transfer,success,1241.45
TXN-002638,2026-03-26,Client_1003,Subscription,success,5909.53
TXN-002639,2026-02-17,Client_1010,Subscription,success,9022.62
TXN-002640,2026-02-11,Client_1002,Bank Transfer,success,178.19
TXN-002641,2026-02-23,Client_1008,Bank Transfer,success,9039.5
TXN-002642,2026-01-24,Client_1006,Bank Transfer,success,5513.1
TXN-002643,2026-04-07,Client_1001,Subscription,success,4618.81
TXN-002644,2026-03-15,Client_1007,Subscription,success,2511.53
TXN-002645,2026-04-03,Client_1006,Retail,success,6817.7
TXN-002646,2026-02-08,Client_1001,Bills Payment,success,9018.57
TXN-002647,2026-03-06,Client_1002,Subscription,success,2766.67
TXN-002648,2026-03-15,Client_1007,Retail,success,5170.82
TXN-002649,2026-04-29,Client_1005,Retail,refunded,9434.18
TXN-002650,2026-01-26,Client_1010,Bills Payment,success,3398.16
TXN-002651,2026-01-07,Client_1002,Bank Transfer,success,1500.46
TXN-002652,2026-02-14,Client_1008,Subscription,success,108.35
TXN-002653,2026-01-19,Client_1004,Bills Payment,success,895.72
TXN-002654,2026-01-31,Client_1004,Subscription,success,2522.85
TXN-002655,2026-03-29,Client_1009,Bank Transfer,success,1677.37
TXN-002656,2026-01-13,Client_1008,Retail,success,7017.92
TXN-002657,2026-04-27,Client_1008,Subscription,success,7091.62
TXN-002658,2026-04-08,Client_1002,Subscription,success,7654.14
TXN-002659,2026-01-18,Client_1007,Bank Transfer,failed,8215.93
TXN-002660,2026-04-04,Client_1007,Retail,success,809.4
TXN-002661,2026-03-04,Client_1010,E-commerce,success,6124.37
TXN-002662,2026-04-09,Client_1004,Bank Transfer,success,5064.41
TXN-002663,2026-01-01,Client_1010,Retail,success,9154.4
TXN-002664,2026-03-24,Client_1004,Bills Payment,success,538.05
TXN-002665,2026-02-08,Client_1007,E-commerce,success,6575.04
TXN-002666,2026-02-24,Client_1003,Bank Transfer,success,6785.2
TXN-002667,2026-03-03,Client_1001,Bank Transfer,failed,4275.2
TXN-002668,2026-01-21,Client_1007,Retail,success,4702.73
TXN-002669,2026-01-11,Client_1006,E-commerce,success,4104.29
TXN-002670,2026-04-14,Client_1001,Bills Payment,success,5789.35
TXN-002671,2026-02-19,Client_1008,E-commerce,success,9603.22
TXN-002672,2026-02-21,Client_1007,E-commerce,success,2660.63
TXN-002673,2026-03-23,Client_1002,Retail,success,9091.29
TXN-002674,2026-03-06,Client_1006,Subscription,success,8457.27
TXN-002675,2026-02-16,Client_1002,Bills Payment,refunded,5363.95
TXN-002676,2026-02-19,Client_1002,Bills Payment,success,9487.19
TXN-002677,2026-04-01,Client_1010,Bank Transfer,success,8147.07
TXN-002678,2026-04-04,Client_1008,Subscription,success,2888.97
TXN-002679,2026-01-16,Client_1008,Subscription,success,8902.74
TXN-002680,2026-03-29,Client_1006,Bank Transfer,success,6782.46
TXN-002681,2026-04-09,Client_1001,Retail,success,3003.07
TXN-002682,2026-02-23,Client_1001,Subscription,success,6396.23
TXN-002683,2026-03-18,Client_1002,Bank Transfer,success,5359.56
TXN-002684,2026-02-20,Client_1004,Bills Payment,success,1036.27
TXN-002685,2026-04-04,Client_1003,Subscription,success,2819.49
TXN-002686,2026-02-28,Client_1010,Bills Payment,failed,9045.45
TXN-002687,2026-04-30,Client_1009,Retail,success,857.71
TXN-002688,2026-02-17,Client_1001,Bills Payment,success,7265.72
TXN-002689,2026-04-14,Client_1002,Subscription,success,7281.45
TXN-002690,2026-02-13,Client_1005,Subscription,success,1920.91
TXN-002691,2026-04-06,Client_1005,E-commerce,success,4391.01
TXN-002692,2026-01-15,Client_1004,Retail,success,3101.69
TXN-002693,2026-03-07,Client_1009,Bills Payment,success,583.43
TXN-002694,2026-03-15,Client_1008,Bills Payment,success,4425.76
TXN-002695,2026-04-06,Client_1003,Bank Transfer,success,552.85
TXN-002696,2026-02-21,Client_1003,Bank Transfer,success,4131.11
TXN-002697,2026-01-03,Client_1007,Bills Payment,success,4678.17
TXN-002698,2026-04-12,Client_1006,E-commerce,success,278.92
TXN-002699,2026-02-11,Client_1004,E-commerce,success,7308.82
TXN-002700,2026-03-19,Client_1008,Retail,success,5992.78
TXN-002701,2026-03-11,Client_1007,Subscription,failed,224.42
TXN-002702,2026-02-13,Client_1006,Bank Transfer,success,1602.61
TXN-002703,2026-04-20,Client_1008,Bills Payment,success,1783.13
TXN-002704,2026-02-19,Client_1005,Subscription,success,8537.69
TXN-002705,2026-01-11,Client_1008,Retail,refunded,922.61
TXN-002706,2026-04-06,Client_1009,Bank Transfer,success,7533.49
TXN-002707,2026-02-27,Client_1008,E-commerce,success,5890.88
TXN-002708,2026-03-21,Client_1006,Retail,success,9958.68
TXN-002709,2026-01-03,Client_1005,Retail,success,9897.83
TXN-002710,2026-02-18,Client_1009,Bills Payment,success,9493.31
TXN-002711,2026-01-16,Client_1002,Subscription,success,9922.1
TXN-002712,2026-03-15,Client_1005,Bills Payment,success,7692.06
TXN-002713,2026-04-05,Client_1007,Retail,success,7537.68
TXN-002714,2026-02-23,Client_1010,Bank Transfer,success,3695.43
TXN-002715,2026-01-14,Client_1006,Retail,success,3982.52
TXN-002716,2026-04-20,Client_1007,Subscription,success,2934.21
TXN-002717,2026-04-29,Client_1008,Bills Payment,failed,1858.5
TXN-002718,2026-02-06,Client_1001,Retail,success,7653.06
TXN-002719,2026-03-25,Client_1003,E-commerce,success,6565.73
TXN-002720,2026-02-23,Client_1007,Bills Payment,success,6226.87
TXN-002721,2026-01-18,Client_1010,Retail,success,897.01
TXN-002722,2026-03-15,Client_1007,E-commerce,success,2574.41
TXN-002723,2026-03-14,Client_1008,E-commerce,failed,324.92
TXN-002724,2026-03-18,Client_1007,Retail,success,2011.01
TXN-002725,2026-04-27,Client_1003,Subscription,success,8759.04
TXN-002726,2026-01-23,Client_1008,Bills Payment,success,3000.52
TXN-002727,2026-04-25,Client_1001,Bills Payment,success,4646.01
TXN-002728,2026-03-29,Client_1010,Subscription,refunded,7987.86
TXN-002729,2026-03-01,Client_1009,E-commerce,success,8394.97
TXN-002730,2026-04-22,Client_1003,Bills Payment,success,9628.49
TXN-002731,2026-01-01,Client_1001,Subscription,success,9955.79
TXN-002732,2026-04-21,Client_1007,E-commerce,success,9579.99
TXN-002733,2026-04-24,Client_1009,E-commerce,success,6109.07
TXN-002734,2026-03-10,Client_1001,Subscription,success,7287.71
TXN-002735,2026-02-07,Client_1007,E-commerce,success,7194.58
TXN-002736,2026-03-07,Client_1008,Subscription,success,1125.87
TXN-002737,2026-04-19,Client_1005,Retail,success,1206.66
TXN-002738,2026-01-22,Client_1006,Subscription,success,1505.31
TXN-002739,2026-02-01,Client_1008,Bills Payment,success,3367.25
TXN-002740,2026-03-30,Client_1002,Subscription,failed,4966.61
TXN-002741,2026-02-01,Client_1005,Bank Transfer,success,4502.25
TXN-002742,2026-04-11,Client_1008,Bank Transfer,success,5984.84
TXN-002743,2026-04-08,Client_1003,Bills Payment,success,356.81
TXN-002744,2026-04-23,Client_1006,Retail,success,2983.06
TXN-002745,2026-04-02,Client_1003,Retail,success,4805.32
TXN-002746,2026-02-26,Client_1005,Bills Payment,success,6981.32
TXN-002747,2026-01-19,Client_1010,Bank Transfer,success,2647.33
TXN-002748,2026-01-30,Client_1001,Bills Payment,success,1568.8
TXN-002749,2026-01-02,Client_1005,Bank Transfer,success,7480.03
TXN-002750,2026-03-08,Client_1007,Subscription,success,1787.06
TXN-002751,2026-02-14,Client_1003,Retail,success,3211.53
TXN-002752,2026-02-17,Client_1007,Subscription,success,8720.74
TXN-002753,2026-03-03,Client_1003,Subscription,failed,240.9
TXN-002754,2026-01-09,Client_1006,Bills Payment,success,2320.67
TXN-002755,2026-02-05,Client_1010,E-commerce,success,3629.36
TXN-002756,2026-02-28,Client_1010,E-commerce,success,8472.88
TXN-002757,2026-04-11,Client_1009,Bills Payment,success,3699.25
TXN-002758,2026-01-05,Client_1007,E-commerce,failed,5123.42
TXN-002759,2026-02-04,Client_1009,Retail,success,5423.52
TXN-002760,2026-01-11,Client_1001,Subscription,success,2554.92
TXN-002761,2026-02-02,Client_1003,Bills Payment,success,7202.07
TXN-002762,2026-01-23,Client_1001,Retail,success,2847.02
TXN-002763,2026-04-06,Client_1004,E-commerce,failed,1412.23
TXN-002764,2026-02-08,Client_1001,Bills Payment,success,5898.21
TXN-002765,2026-03-16,Client_1008,Subscription,success,8828.24
TXN-002766,2026-01-07,Client_1006,E-commerce,success,1252.42
TXN-002767,2026-01-11,Client_1008,Bills Payment,success,5934.82
TXN-002768,2026-03-18,Client_1008,Bank Transfer,success,5858.96
TXN-002769,2026-04-21,Client_1002,Subscription,success,2028.51
TXN-002770,2026-04-14,Client_1010,Subscription,refunded,2592.3
TXN-002771,2026-02-22,Client_1010,Bank Transfer,success,1847.67
TXN-002772,2026-03-06,Client_1008,Retail,success,6488.27
TXN-002773,2026-02-03,Client_1009,Bills Payment,success,6810.64
TXN-002774,2026-03-06,Client_1005,Subscription,success,7590.46
TXN-002775,2026-01-24,Client_1008,E-commerce,success,9746.11
TXN-002776,2026-03-02,Client_1008,Bills Payment,success,7628.33
TXN-002777,2026-03-28,Client_1005,E-commerce,failed,4487.66
TXN-002778,2026-03-23,Client_1009,Bills Payment,success,1176.25
TXN-002779,2026-01-30,Client_1004,Bank Transfer,success,3268.16
TXN-002780,2026-03-09,Client_1008,E-commerce,success,9282.76
TXN-002781,2026-01-27,Client_1010,Bills Payment,success,1999.85
TXN-002782,2026-02-20,Client_1003,Bills Payment,success,1655.61
TXN-002783,2026-03-08,Client_1008,Retail,success,7819.57
TXN-002784,2026-02-04,Client_1004,Bank Transfer,success,8576.75
TXN-002785,2026-02-08,Client_1006,Bills Payment,success,7294.43
TXN-002786,2026-04-17,Client_1006,Subscription,success,5676.54
TXN-002787,2026-04-08,Client_1007,E-commerce,success,4100.4
TXN-002788,2026-02-22,Client_1006,Bills Payment,refunded,7693.78
TXN-002789,2026-01-03,Client_1004,Bills Payment,success,2633.7
TXN-002790,2026-04-17,Client_1006,E-commerce,success,7930.11
TXN-002791,2026-02-11,Client_1009,Retail,success,7995.0
TXN-002792,2026-03-21,Client_1009,Subscription,success,1157.66
TXN-002793,2026-02-01,Client_1003,Bank Transfer,success,9420.79
TXN-002794,2026-03-17,Client_1008,E-commerce,success,3961.62
TXN-002795,2026-04-27,Client_1008,Bills Payment,success,6106.38
TXN-002796,2026-02-18,Client_1001,E-commerce,success,3492.65
TXN-002797,2026-03-10,Client_1006,Subscription,failed,1199.2
TXN-002798,2026-01-18,Client_1002,Bank Transfer,refunded,7351.25
TXN-002799,2026-04-16,Client_1003,Bills Payment,success,5783.47
TXN-002800,2026-03-13,Client_1002,Subscription,success,5770.06
TXN-002801,2026-04-08,Client_1005,Retail,success,2985.05
TXN-002802,2026-01-03,Client_1003,E-commerce,success,7022.59
TXN-002803,2026-04-05,Client_1006,Bank Transfer,failed,4513.82
TXN-002804,2026-04-24,Client_1004,Bills Payment,success,2354.05
TXN-002805,2026-02-16,Client_1006,Bills Payment,success,7070.2
TXN-002806,2026-02-02,Client_1010,E-commerce,success,6458.18
TXN-002807,2026-02-24,Client_1007,Subscription,success,8333.58
TXN-002808,2026-01-08,Client_1009,Bank Transfer,success,4428.35
TXN-002809,2026-01-05,Client_1009,Bank Transfer,success,4970.89
TXN-002810,2026-03-15,Client_1006,E-commerce,success,5696.54
TXN-002811,2026-03-13,Client_1002,Retail,success,5183.65
TXN-002812,2026-04-19,Client_1002,Retail,failed,6139.31
TXN-002813,2026-01-25,Client_1002,Subscription,success,4710.58
TXN-002814,2026-04-24,Client_1003,Bank Transfer,success,6513.61
TXN-002815,2026-02-13,Client_1008,Retail,success,7420.64
TXN-002816,2026-02-25,Client_1001,Subscription,success,162.9
TXN-002817,2026-04-17,Client_1007,E-commerce,success,3291.6
TXN-002818,2026-01-20,Client_1005,Bills Payment,success,7701.01
TXN-002819,2026-03-10,Client_1008,Bills Payment,success,5786.94
TXN-002820,2026-02-15,Client_1010,Bills Payment,success,1568.01
TXN-002821,2026-02-09,Client_1003,E-commerce,success,6059.02
TXN-002822,2026-04-19,Client_1001,Bills Payment,success,9551.14
TXN-002823,2026-02-11,Client_1006,Bills Payment,success,2096.84
TXN-002824,2026-01-21,Client_1007,Bank Transfer,success,9206.79
TXN-002825,2026-04-09,Client_1006,E-commerce,success,8998.91
TXN-002826,2026-02-26,Client_1002,Subscription,success,8688.57
TXN-002827,2026-04-20,Client_1004,Subscription,success,4441.61
TXN-002828,2026-01-26,Client_1004,Subscription,success,1334.03
TXN-002829,2026-01-23,Client_1009,Retail,success,1304.87
TXN-002830,2026-04-07,Client_1004,E-commerce,failed,7432.36
TXN-002831,2026-02-15,Client_1006,Subscription,success,9853.01
TXN-002832,2026-04-13,Client_1009,Bank Transfer,success,5136.48
TXN-002833,2026-02-28,Client_1001,E-commerce,success,4258.14
TXN-002834,2026-04-20,Client_1002,Bank Transfer,success,3168.82
TXN-002835,2026-01-09,Client_1007,Bank Transfer,success,7042.02
TXN-002836,2026-03-25,Client_1007,Subscription,success,9645.92
TXN-002837,2026-04-04,Client_1006,E-commerce,success,2565.08
TXN-002838,2026-03-14,Client_1001,Bills Payment,success,1488.18
TXN-002839,2026-03-02,Client_1001,E-commerce,success,2177.27
TXN-002840,2026-04-05,Client_1005,Bank Transfer,success,8250.18
TXN-002841,2026-02-23,Client_1003,Bills Payment,failed,9656.47
TXN-002842,2026-04-05,Client_1003,Bank Transfer,success,1182.98
TXN-002843,2026-01-21,Client_1001,Subscription,success,4096.18
TXN-002844,2026-02-17,Client_1005,Retail,success,7854.36
TXN-002845,2026-02-12,Client_1001,Subscription,success,8733.08
TXN-002846,2026-04-27,Client_1007,E-commerce,success,7648.77
TXN-002847,2026-04-03,Client_1009,Bills Payment,success,247.89
TXN-002848,2026-04-25,Client_1004,E-commerce,success,756.62
TXN-002849,2026-03-02,Client_1008,Subscription,success,5413.6
TXN-002850,2026-01-18,Client_1010,E-commerce,success,4747.92
TXN-002851,2026-04-26,Client_1005,Bills Payment,success,5445.86
TXN-002852,2026-03-20,Client_1002,Subscription,success,8327.78
TXN-002853,2026-03-15,Client_1004,Bills Payment,success,1385.1
TXN-002854,2026-01-19,Client_1004,E-commerce,success,7200.95
TXN-002855,2026-02-06,Client_1010,E-commerce,success,2581.64
TXN-002856,2026-04-04,Client_1005,Bank Transfer,success,4675.28
TXN-002857,2026-03-17,Client_1009,Retail,success,8847.47
TXN-002858,2026-04-08,Client_1003,Bank Transfer,success,6645.9
TXN-002859,2026-03-16,Client_1001,Subscription,success,7962.53
TXN-002860,2026-01-24,Client_1001,Bills Payment,success,8370.25
TXN-002861,2026-01-31,Client_1003,Subscription,success,5763.66
TXN-002862,2026-03-03,Client_1006,Bills Payment,success,8188.2
TXN-002863,2026-03-15,Client_1007,Subscription,refunded,4586.62
TXN-002864,2026-02-03,Client_1009,Subscription,success,2865.12
TXN-002865,2026-04-09,Client_1009,Bank Transfer,success,8936.02
TXN-002866,2026-02-02,Client_1006,Subscription,success,4617.53
TXN-002867,2026-01-13,Client_1006,Retail,success,7841.35
TXN-002868,2026-02-24,Client_1001,Retail,success,2348.54
TXN-002869,2026-02-28,Client_1002,E-commerce,success,3027.56
TXN-002870,2026-04-22,Client_1006,Bank Transfer,success,5577.66
TXN-002871,2026-01-11,Client_1009,Bills Payment,success,9418.37
TXN-002872,2026-03-07,Client_1004,Bills Payment,success,2296.39
TXN-002873,2026-01-03,Client_1004,Bank Transfer,success,7821.38
TXN-002874,2026-03-14,Client_1009,Retail,success,5378.25
TXN-002875,2026-03-11,Client_1004,Retail,success,1671.62
TXN-002876,2026-03-29,Client_1003,Retail,success,9313.42
TXN-002877,2026-04-02,Client_1003,Retail,failed,6135.69
TXN-002878,2026-04-20,Client_1004,Bank Transfer,success,9694.55
TXN-002879,2026-02-21,Client_1005,Subscription,failed,9722.89
TXN-002880,2026-04-25,Client_1008,Subscription,success,7243.32
TXN-002881,2026-02-08,Client_1001,E-commerce,success,5602.0
TXN-002882,2026-02-09,Client_1004,Retail,success,761.47
TXN-002883,2026-04-07,Client_1007,Bills Payment,success,8242.17
TXN-002884,2026-04-08,Client_1004,Subscription,success,6496.24
TXN-002885,2026-02-20,Client_1010,Bills Payment,success,3569.03
TXN-002886,2026-01-29,Client_1005,Bills Payment,failed,1322.37
TXN-002887,2026-04-05,Client_1010,Bills Payment,success,1509.84
TXN-002888,2026-02-05,Client_1006,E-commerce,success,5254.14
TXN-002889,2026-03-09,Client_1002,Retail,success,6638.17
TXN-002890,2026-02-08,Client_1002,Retail,success,4598.24
TXN-002891,2026-01-10,Client_1006,Bank Transfer,failed,505.62
TXN-002892,2026-04-18,Client_1005,E-commerce,success,4316.51
TXN-002893,2026-01-22,Client_1008,Bank Transfer,success,1120.2
TXN-002894,2026-04-04,Client_1010,Retail,success,2488.8
TXN-002895,2026-04-19,Client_1008,Subscription,success,6416.79
TXN-002896,2026-04-21,Client_1005,Bank Transfer,failed,6438.63
TXN-002897,2026-02-12,Client_1007,Bank Transfer,refunded,922.62
TXN-002898,2026-01-13,Client_1008,Bills Payment,success,2291.74
TXN-002899,2026-02-25,Client_1005,E-commerce,refunded,8279.98
TXN-002900,2026-03-04,Client_1009,Retail,success,3820.64
TXN-002901,2026-03-08,Client_1007,E-commerce,success,5944.4
TXN-002902,2026-04-12,Client_1002,Retail,success,9670.62
TXN-002903,2026-01-31,Client_1006,Retail,success,9047.52
TXN-002904,2026-02-23,Client_1007,E-commerce,success,7902.55
TXN-002905,2026-04-20,Client_1008,Retail,success,469.03
TXN-002906,2026-02-21,Client_1007,E-commerce,success,1889.3
TXN-002907,2026-03-22,Client_1006,E-commerce,success,4180.22
TXN-002908,2026-01-04,Client_1008,Bank Transfer,success,6861.82
TXN-002909,2026-02-15,Client_1004,Bank Transfer,success,573.21
TXN-002910,2026-02-28,Client_1005,Bills Payment,success,7731.01
TXN-002911,2026-03-12,Client_1006,Subscription,success,7831.59
TXN-002912,2026-01-23,Client_1008,E-commerce,success,6202.39
TXN-002913,2026-04-05,Client_1004,Bank Transfer,success,1102.85
TXN-002914,2026-04-03,Client_1002,Subscription,success,5022.21
TXN-002915,2026-01-24,Client_1007,Bills Payment,success,7103.22
TXN-002916,2026-02-14,Client_1006,Subscription,failed,7572.23
TXN-002917,2026-01-22,Client_1006,E-commerce,success,5860.28
TXN-002918,2026-04-27,Client_1009,Retail,success,5643.22
TXN-002919,2026-01-23,Client_1007,Retail,success,2066.33
TXN-002920,2026-01-12,Client_1010,Subscription,success,1543.08
TXN-002921,2026-02-13,Client_1009,Bank Transfer,success,9220.46
TXN-002922,2026-01-14,Client_1005,Retail,success,913.89
TXN-002923,2026-01-29,Client_1008,E-commerce,success,1634.62
TXN-002924,2026-02-05,Client_1001,Subscription,success,6981.28
TXN-002925,2026-01-29,Client_1004,Bills Payment,success,8134.1
TXN-002926,2026-01-19,Client_1001,Bank Transfer,success,305.66
TXN-002927,2026-03-20,Client_1008,Subscription,success,5557.14
TXN-002928,2026-03-14,Client_1004,Subscription,success,5233.86
TXN-002929,2026-02-21,Client_1010,Subscription,success,7096.78
TXN-002930,2026-02-16,Client_1005,Subscription,success,9010.52
TXN-002931,2026-04-30,Client_1004,Bank Transfer,success,862.7
TXN-002932,2026-03-30,Client_1003,Bank Transfer,success,9863.93
TXN-002933,2026-02-01,Client_1009,Retail,success,9812.01
TXN-002934,2026-04-11,Client_1009,Subscription,success,1137.6
TXN-002935,2026-04-16,Client_1010,Bills Payment,success,7203.89
TXN-002936,2026-03-24,Client_1009,Bills Payment,success,5785.17
TXN-002937,2026-01-07,Client_1008,Retail,success,5951.52
TXN-002938,2026-01-09,Client_1003,E-commerce,success,5634.06
TXN-002939,2026-01-08,Client_1006,Subscription,success,1564.01
TXN-002940,2026-03-29,Client_1006,E-commerce,failed,2833.29
TXN-002941,2026-02-02,Client_1001,Retail,success,7071.76
TXN-002942,2026-01-18,Client_1007,Bills Payment,success,3167.27
TXN-002943,2026-03-31,Client_1005,Bank Transfer,success,8004.32
TXN-002944,2026-03-07,Client_1007,Bills Payment,success,9803.77
TXN-002945,2026-03-17,Client_1006,E-commerce,refunded,624.41
TXN-002946,2026-04-07,Client_1006,Retail,success,9775.8
TXN-002947,2026-03-20,Client_1002,Retail,success,1695.95
TXN-002948,2026-01-25,Client_1004,Retail,success,9896.94
TXN-002949,2026-04-17,Client_1003,E-commerce,success,5000.25
TXN-002950,2026-01-16,Client_1006,E-commerce,success,4095.2
TXN-002951,2026-03-31,Client_1007,Subscription,success,4796.63
TXN-002952,2026-04-19,Client_1006,Bills Payment,success,3616.05
TXN-002953,2026-04-01,Client_1007,Bank Transfer,success,1927.21
TXN-002954,2026-02-21,Client_1004,Bills Payment,success,6507.53
TXN-002955,2026-01-11,Client_1006,Subscription,success,5286.29
TXN-002956,2026-01-03,Client_1010,E-commerce,refunded,685.55
TXN-002957,2026-02-17,Client_1002,Bills Payment,success,9852.77
TXN-002958,2026-01-02,Client_1001,Bank Transfer,success,373.77
TXN-002959,2026-04-26,Client_1010,Retail,success,786.95
TXN-002960,2026-01-23,Client_1004,Retail,success,5398.62
TXN-002961,2026-02-14,Client_1002,Bills Payment,success,5782.45
TXN-002962,2026-04-25,Client_1008,Bills Payment,success,8162.18
TXN-002963,2026-02-26,Client_1001,Retail,success,5422.14
TXN-002964,2026-04-12,Client_1002,Bank Transfer,failed,1166.97
TXN-002965,2026-03-29,Client_1003,Retail,success,9012.28
TXN-002966,2026-03-05,Client_1004,Retail,success,6170.6
TXN-002967,2026-02-13,Client_1008,Retail,success,7862.22
TXN-002968,2026-01-15,Client_1009,E-commerce,success,3720.37
TXN-002969,2026-01-31,Client_1008,Bills Payment,success,511.74
TXN-002970,2026-01-08,Client_1008,Retail,success,5246.45
TXN-002971,2026-03-26,Client_1006,Retail,success,7051.84
TXN-002972,2026-03-08,Client_1007,Retail,success,2897.36
TXN-002973,2026-01-18,Client_1008,Bills Payment,success,6300.76
TXN-002974,2026-02-21,Client_1007,Subscription,success,335.96
TXN-002975,2026-01-14,Client_1006,Retail,success,3949.21
TXN-002976,2026-03-05,Client_1005,E-commerce,success,512.16
TXN-002977,2026-01-12,Client_1005,Retail,success,5755.62
TXN-002978,2026-01-23,Client_1006,E-commerce,success,567.35
TXN-002979,2026-02-08,Client_1007,Bills Payment,success,5423.86
TXN-002980,2026-04-16,Client_1007,Retail,success,1865.07
TXN-002981,2026-02-17,Client_1001,Bills Payment,success,9504.65
TXN-002982,2026-04-25,Client_1004,Bank Transfer,success,2115.72
TXN-002983,2026-01-27,Client_1010,Retail,success,9228.65
TXN-002984,2026-01-27,Client_1002,Bank Transfer,success,2479.84
TXN-002985,2026-04-15,Client_1006,Bills Payment,refunded,8283.06
TXN-002986,2026-02-17,Client_1007,E-commerce,success,6027.64
TXN-002987,2026-03-21,Client_1005,Subscription,success,7130.71
TXN-002988,2026-04-26,Client_1005,Bills Payment,failed,6568.03
TXN-002989,2026-04-27,Client_1005,Subscription,success,4217.28
TXN-002990,2026-02-22,Client_1007,Bank Transfer,success,1976.02
TXN-002991,2026-04-10,Client_1008,Bank Transfer,success,6302.72
TXN-002992,2026-02-20,Client_1001,Subscription,success,6926.04
TXN-002993,2026-01-10,Client_1002,E-commerce,success,7932.78
TXN-002994,2026-01-09,Client_1003,Retail,success,9440.68
TXN-002995,2026-02-02,Client_1007,Bank Transfer,success,2918.58
TXN-002996,2026-03-14,Client_1005,E-commerce,success,4009.57
TXN-002997,2026-04-24,Client_1004,E-commerce,success,5029.88
TXN-002998,2026-01-17,Client_1009,E-commerce,success,1182.5
TXN-002999,2026-01-30,Client_1001,Subscription,success,7649.16
TXN-003000,2026-04-14,Client_1002,Bills Payment,success,3771.93
TXN-003001,2026-04-05,Client_1003,Subscription,success,506.41
TXN-003002,2026-04-30,Client_1009,Bills Payment,success,7276.61
TXN-003003,2026-01-06,Client_1010,E-commerce,failed,3479.34
TXN-003004,2026-02-02,Client_1003,Bank Transfer,success,9025.47
TXN-003005,2026-01-08,Client_1007,Subscription,success,2988.88
TXN-003006,2026-01-09,Client_1004,Bills Payment,success,3425.3
TXN-003007,2026-04-03,Client_1008,E-commerce,success,786.89
TXN-003008,2026-02-01,Client_1010,Retail,success,1694.87
TXN-003009,2026-03-12,Client_1006,E-commerce,success,744.8
TXN-003010,2026-03-08,Client_1009,E-commerce,success,1782.16
TXN-003011,2026-04-30,Client_1006,Bank Transfer,success,9025.04
TXN-003012,2026-03-29,Client_1004,E-commerce,success,5670.85
TXN-003013,2026-04-15,Client_1007,Retail,success,2322.73
TXN-003014,2026-03-22,Client_1001,Retail,success,295.95
TXN-003015,2026-04-16,Client_1008,Retail,success,2896.44
TXN-003016,2026-03-20,Client_1007,Subscription,failed,2452.92
TXN-003017,2026-03-04,Client_1010,Bank Transfer,success,9880.98
TXN-003018,2026-02-28,Client_1008,Bills Payment,success,8806.5
TXN-003019,2026-01-29,Client_1003,Bank Transfer,success,1826.1
TXN-003020,2026-02-19,Client_1005,Bills Payment,success,307.28
TXN-003021,2026-04-14,Client_1005,Bills Payment,success,4162.68
TXN-003022,2026-04-23,Client_1009,Bills Payment,refunded,1337.74
TXN-003023,2026-03-22,Client_1006,Bills Payment,failed,4269.29
TXN-003024,2026-02-23,Client_1008,Subscription,success,3945.58
TXN-003025,2026-02-16,Client_1006,Bank Transfer,success,1417.84
TXN-003026,2026-03-09,Client_1004,Bills Payment,success,1990.55
TXN-003027,2026-01-25,Client_1010,Bank Transfer,failed,5527.23
TXN-003028,2026-04-08,Client_1007,Bank Transfer,success,2213.79
TXN-003029,2026-01-19,Client_1008,E-commerce,success,4577.97
TXN-003030,2026-04-26,Client_1010,Subscription,success,2250.06
TXN-003031,2026-03-12,Client_1003,Subscription,failed,4374.66
TXN-003032,2026-02-26,Client_1001,Bills Payment,success,6703.24
TXN-003033,2026-02-04,Client_1010,Bills Payment,success,5793.18
TXN-003034,2026-04-13,Client_1004,Bills Payment,success,4738.94
TXN-003035,2026-04-22,Client_1003,Subscription,success,9336.9
TXN-003036,2026-03-20,Client_1009,E-commerce,success,7890.93
TXN-003037,2026-01-11,Client_1001,E-commerce,failed,8707.69
TXN-003038,2026-02-12,Client_1002,Bank Transfer,failed,3631.29
TXN-003039,2026-04-06,Client_1003,Bills Payment,success,753.63
TXN-003040,2026-03-21,Client_1006,Retail,failed,4521.51
TXN-003041,2026-02-13,Client_1003,Bank Transfer,success,8043.13
TXN-003042,2026-01-21,Client_1003,Bills Payment,success,5369.82
TXN-003043,2026-03-21,Client_1007,Bills Payment,success,6323.96
TXN-003044,2026-03-31,Client_1005,Bills Payment,refunded,6672.3
TXN-003045,2026-01-19,Client_1008,E-commerce,success,1442.43
TXN-003046,2026-02-18,Client_1008,Subscription,success,7694.67
TXN-003047,2026-03-17,Client_1006,Subscription,success,1900.15
TXN-003048,2026-04-25,Client_1001,Subscription,failed,5711.15
TXN-003049,2026-04-24,Client_1006,E-commerce,failed,782.01
TXN-003050,2026-01-18,Client_1010,Bank Transfer,success,9175.96
TXN-003051,2026-01-15,Client_1004,Bank Transfer,success,7948.54
TXN-003052,2026-04-11,Client_1002,Bank Transfer,success,8013.24
TXN-003053,2026-01-03,Client_1010,Retail,success,1773.7
TXN-003054,2026-04-19,Client_1005,Bills Payment,success,9822.16
TXN-003055,2026-04-26,Client_1001,Subscription,success,1752.13
TXN-003056,2026-03-25,Client_1004,Bank Transfer,success,9961.92
TXN-003057,2026-02-13,Client_1001,Bank Transfer,success,7621.67
TXN-003058,2026-02-28,Client_1002,Bank Transfer,success,1393.43
TXN-003059,2026-04-29,Client_1010,E-commerce,success,290.2
TXN-003060,2026-02-18,Client_1004,Subscription,success,456.23
TXN-003061,2026-03-28,Client_1005,Subscription,success,8051.15
TXN-003062,2026-04-20,Client_1007,Subscription,success,1410.17
TXN-003063,2026-02-14,Client_1005,Retail,success,2888.25
TXN-003064,2026-01-11,Client_1008,E-commerce,success,9142.08
TXN-003065,2026-04-21,Client_1009,E-commerce,success,1372.41
TXN-003066,2026-04-08,Client_1002,Bills Payment,success,3796.54
TXN-003067,2026-01-20,Client_1010,Bills Payment,success,8650.53
TXN-003068,2026-01-02,Client_1001,Bank Transfer,success,6212.86
TXN-003069,2026-01-20,Client_1010,Subscription,success,3375.92
TXN-003070,2026-03-27,Client_1002,Retail,success,7071.06
TXN-003071,2026-01-26,Client_1002,Bills Payment,success,9518.78
TXN-003072,2026-01-01,Client_1007,Bills Payment,success,7198.09
TXN-003073,2026-02-19,Client_1006,Retail,success,8193.75
TXN-003074,2026-04-01,Client_1008,Retail,success,4745.18
TXN-003075,2026-04-04,Client_1010,E-commerce,success,5125.09
TXN-003076,2026-01-11,Client_1003,Bills Payment,success,8793.95
TXN-003077,2026-03-15,Client_1004,E-commerce,success,850.22
TXN-003078,2026-01-24,Client_1006,Bills Payment,success,6389.44
TXN-003079,2026-03-17,Client_1005,Retail,success,6441.89
TXN-003080,2026-01-28,Client_1007,Bank Transfer,success,7380.89
TXN-003081,2026-03-09,Client_1001,Bank Transfer,success,1696.52
TXN-003082,2026-01-08,Client_1002,Subscription,success,7355.85
TXN-003083,2026-03-21,Client_1007,E-commerce,success,8996.53
TXN-003084,2026-02-27,Client_1001,E-commerce,success,7736.72
TXN-003085,2026-04-28,Client_1006,Retail,success,752.2
TXN-003086,2026-02-03,Client_1006,Subscription,success,8128.56
TXN-003087,2026-02-17,Client_1008,Bank Transfer,success,3203.4
TXN-003088,2026-04-06,Client_1004,Bills Payment,success,522.72
TXN-003089,2026-02-15,Client_1007,Subscription,success,3311.24
TXN-003090,2026-04-12,Client_1007,Subscription,success,4697.49
TXN-003091,2026-01-20,Client_1003,Subscription,success,342.35
TXN-003092,2026-01-18,Client_1006,Subscription,refunded,6358.71
TXN-003093,2026-02-21,Client_1006,E-commerce,success,8192.31
TXN-003094,2026-04-26,Client_1003,Bills Payment,success,1920.71
TXN-003095,2026-01-13,Client_1001,Subscription,success,2781.81
TXN-003096,2026-01-26,Client_1001,Subscription,success,3104.87
TXN-003097,2026-04-20,Client_1009,Bank Transfer,success,4916.69
TXN-003098,2026-04-03,Client_1008,Subscription,success,8530.81
TXN-003099,2026-03-04,Client_1001,Bank Transfer,refunded,762.37
TXN-003100,2026-02-11,Client_1008,Retail,success,2428.01
TXN-003101,2026-03-05,Client_1004,Subscription,success,9572.88
TXN-003102,2026-03-22,Client_1003,Bank Transfer,success,6872.17
TXN-003103,2026-02-24,Client_1010,E-commerce,success,5343.4
TXN-003104,2026-02-13,Client_1006,Bills Payment,success,9707.26
TXN-003105,2026-01-09,Client_1001,Subscription,success,2536.49
TXN-003106,2026-02-11,Client_1004,Bank Transfer,success,9028.22
TXN-003107,2026-03-02,Client_1005,Retail,success,7958.8
TXN-003108,2026-03-31,Client_1004,Bills Payment,refunded,7837.79
TXN-003109,2026-03-15,Client_1004,Retail,success,8151.89
TXN-003110,2026-02-01,Client_1008,Retail,success,292.03
TXN-003111,2026-03-07,Client_1002,Subscription,success,6273.71
TXN-003112,2026-01-11,Client_1009,Subscription,success,9014.26
TXN-003113,2026-04-04,Client_1005,E-commerce,success,7796.59
TXN-003114,2026-04-12,Client_1005,Bills Payment,success,7799.82
TXN-003115,2026-03-02,Client_1004,Bills Payment,success,3339.42
TXN-003116,2026-04-16,Client_1010,Subscription,success,7858.47
TXN-003117,2026-02-10,Client_1008,Bank Transfer,success,5409.47
TXN-003118,2026-04-16,Client_1004,Retail,success,3026.63
TXN-003119,2026-01-08,Client_1004,Retail,success,2896.32
TXN-003120,2026-04-12,Client_1007,Subscription,success,8541.74
TXN-003121,2026-02-08,Client_1005,Bills Payment,success,350.31
TXN-003122,2026-03-25,Client_1007,E-commerce,success,7780.39
TXN-003123,2026-01-19,Client_1008,Subscription,success,5979.07
TXN-003124,2026-04-08,Client_1006,E-commerce,failed,4613.84
TXN-003125,2026-01-26,Client_1010,Subscription,success,5906.16
TXN-003126,2026-02-11,Client_1001,E-commerce,success,3332.73
TXN-003127,2026-03-03,Client_1006,Bills Payment,success,7232.96
TXN-003128,2026-03-12,Client_1001,Subscription,success,4015.82
TXN-003129,2026-02-11,Client_1010,E-commerce,success,3307.74
TXN-003130,2026-04-07,Client_1010,E-commerce,failed,653.01
TXN-003131,2026-04-02,Client_1003,Subscription,success,772.16
TXN-003132,2026-01-20,Client_1002,Retail,success,7167.15
TXN-003133,2026-01-12,Client_1006,Bank Transfer,success,4185.15
TXN-003134,2026-04-07,Client_1002,Subscription,success,715.29
TXN-003135,2026-02-23,Client_1007,Bills Payment,success,985.79
TXN-003136,2026-01-27,Client_1008,Bills Payment,success,9123.1
TXN-003137,2026-02-03,Client_1004,Bills Payment,success,6866.87
TXN-003138,2026-01-04,Client_1001,Bills Payment,success,517.54
TXN-003139,2026-04-08,Client_1004,Bills Payment,failed,1462.96
TXN-003140,2026-02-10,Client_1006,Subscription,success,6735.6
TXN-003141,2026-01-03,Client_1009,Bank Transfer,success,6729.46
TXN-003142,2026-03-31,Client_1007,Retail,success,2081.23
TXN-003143,2026-01-05,Client_1004,Bills Payment,success,170.81
TXN-003144,2026-03-31,Client_1002,Retail,failed,5140.57
TXN-003145,2026-04-17,Client_1003,Subscription,success,5408.68
TXN-003146,2026-04-28,Client_1010,Bank Transfer,success,3805.58
TXN-003147,2026-02-19,Client_1003,Bills Payment,success,2637.15
TXN-003148,2026-01-26,Client_1006,Bank Transfer,success,6539.58
TXN-003149,2026-02-27,Client_1001,Subscription,success,6548.95
TXN-003150,2026-03-07,Client_1007,Bills Payment,success,512.43
TXN-003151,2026-04-13,Client_1002,Bills Payment,success,5745.05
TXN-003152,2026-04-06,Client_1005,Bills Payment,failed,8196.82
TXN-003153,2026-02-16,Client_1008,E-commerce,success,2375.12
TXN-003154,2026-04-24,Client_1005,Bills Payment,success,3168.03
TXN-003155,2026-01-28,Client_1003,Bank Transfer,success,9473.27
TXN-003156,2026-02-19,Client_1006,Subscription,refunded,6057.95
TXN-003157,2026-01-22,Client_1008,Subscription,success,2924.89
TXN-003158,2026-03-27,Client_1004,E-commerce,success,8855.68
TXN-003159,2026-04-20,Client_1001,Retail,success,211.0
TXN-003160,2026-02-05,Client_1001,Bank Transfer,success,7314.61
TXN-003161,2026-01-21,Client_1002,E-commerce,success,6493.14
TXN-003162,2026-02-24,Client_1006,E-commerce,success,6570.9
TXN-003163,2026-02-08,Client_1001,E-commerce,success,2700.98
TXN-003164,2026-04-30,Client_1004,E-commerce,failed,7468.18
TXN-003165,2026-03-29,Client_1001,Subscription,success,1214.61
TXN-003166,2026-04-03,Client_1004,Subscription,success,5839.79
TXN-003167,2026-03-13,Client_1005,Bank Transfer,success,5675.98
TXN-003168,2026-01-09,Client_1003,Bills Payment,success,6812.39
TXN-003169,2026-01-04,Client_1001,Subscription,success,4710.45
TXN-003170,2026-01-23,Client_1001,Retail,failed,6600.44
TXN-003171,2026-04-09,Client_1005,Bank Transfer,success,2106.72
TXN-003172,2026-02-04,Client_1001,Bank Transfer,refunded,1961.89
TXN-003173,2026-03-30,Client_1008,E-commerce,refunded,536.82
TXN-003174,2026-03-14,Client_1007,Retail,failed,4936.42
TXN-003175,2026-01-30,Client_1001,Bank Transfer,success,6020.69
TXN-003176,2026-02-28,Client_1008,Retail,success,6620.15
TXN-003177,2026-02-17,Client_1009,Retail,success,7378.43
TXN-003178,2026-02-14,Client_1007,Bills Payment,success,3783.89
TXN-003179,2026-02-14,Client_1005,Bills Payment,success,7541.43
TXN-003180,2026-03-05,Client_1009,Subscription,success,4373.94
TXN-003181,2026-03-19,Client_1005,Bills Payment,success,3650.82
TXN-003182,2026-03-01,Client_1008,Retail,success,1726.33
TXN-003183,2026-01-06,Client_1006,Retail,failed,9828.87
TXN-003184,2026-01-19,Client_1010,Bank Transfer,success,8336.93
TXN-003185,2026-01-21,Client_1010,Bills Payment,refunded,7943.55
TXN-003186,2026-04-16,Client_1007,E-commerce,success,8819.16
TXN-003187,2026-03-06,Client_1009,E-commerce,success,5797.1
TXN-003188,2026-02-02,Client_1009,Bills Payment,success,6871.71
TXN-003189,2026-04-11,Client_1006,Subscription,success,7345.36
TXN-003190,2026-04-13,Client_1006,Retail,failed,5278.9
TXN-003191,2026-04-15,Client_1007,Bills Payment,success,7523.28
TXN-003192,2026-03-30,Client_1002,Bills Payment,success,4591.18
TXN-003193,2026-04-17,Client_1004,E-commerce,failed,9695.88
TXN-003194,2026-04-13,Client_1002,Subscription,success,814.85
TXN-003195,2026-02-09,Client_1004,Subscription,success,2171.52
TXN-003196,2026-03-23,Client_1002,Bills Payment,success,407.86
TXN-003197,2026-01-16,Client_1004,Bills Payment,success,6836.77
TXN-003198,2026-01-09,Client_1005,Subscription,failed,4276.98
TXN-003199,2026-02-15,Client_1007,E-commerce,success,3072.13
TXN-003200,2026-02-19,Client_1006,Bills Payment,success,6230.65
TXN-003201,2026-04-28,Client_1008,Retail,success,6823.26
TXN-003202,2026-01-05,Client_1008,Bank Transfer,success,2632.24
TXN-003203,2026-03-02,Client_1007,Retail,success,4284.75
TXN-003204,2026-03-17,Client_1010,Bank Transfer,failed,6880.0
TXN-003205,2026-01-04,Client_1007,E-commerce,refunded,7614.59
TXN-003206,2026-01-12,Client_1008,Bank Transfer,success,921.35
TXN-003207,2026-04-03,Client_1002,Subscription,success,3440.09
TXN-003208,2026-03-19,Client_1008,E-commerce,success,5571.0
TXN-003209,2026-04-01,Client_1008,Bills Payment,success,1040.04
TXN-003210,2026-03-29,Client_1003,Retail,success,7830.27
TXN-003211,2026-04-30,Client_1009,Subscription,success,1894.21
TXN-003212,2026-02-05,Client_1010,Subscription,success,5403.06
TXN-003213,2026-04-03,Client_1001,Bank Transfer,success,7012.34
TXN-003214,2026-03-04,Client_1003,Subscription,success,1711.19
TXN-003215,2026-02-07,Client_1010,Bank Transfer,success,6899.39
TXN-003216,2026-04-18,Client_1002,Bills Payment,success,2565.52
TXN-003217,2026-02-19,Client_1003,Subscription,success,1908.51
TXN-003218,2026-02-13,Client_1010,Subscription,success,4502.2
TXN-003219,2026-03-31,Client_1002,E-commerce,success,1406.79
TXN-003220,2026-03-19,Client_1010,E-commerce,success,3730.09
TXN-003221,2026-03-31,Client_1007,E-commerce,success,8987.13
TXN-003222,2026-02-17,Client_1009,E-commerce,success,432.01
TXN-003223,2026-02-25,Client_1009,Subscription,success,963.71
TXN-003224,2026-04-23,Client_1006,Subscription,success,9200.82
TXN-003225,2026-04-27,Client_1003,E-commerce,success,955.14
TXN-003226,2026-01-24,Client_1004,Subscription,success,5504.6
TXN-003227,2026-03-13,Client_1005,Subscription,success,7920.98
TXN-003228,2026-01-24,Client_1010,Subscription,success,493.58
TXN-003229,2026-01-26,Client_1003,Bank Transfer,success,7044.59
TXN-003230,2026-01-02,Client_1006,E-commerce,success,220.44
TXN-003231,2026-03-09,Client_1005,Retail,success,3103.11
TXN-003232,2026-04-14,Client_1003,Bank Transfer,failed,8619.8
TXN-003233,2026-04-13,Client_1004,Bills Payment,success,4834.93
TXN-003234,2026-01-28,Client_1002,Bills Payment,success,6370.63
TXN-003235,2026-03-11,Client_1002,Bills Payment,success,8592.67
TXN-003236,2026-01-19,Client_1002,Subscription,success,9874.88
TXN-003237,2026-03-14,Client_1003,Bills Payment,success,4193.74
TXN-003238,2026-03-22,Client_1006,Bills Payment,success,4123.28
TXN-003239,2026-04-07,Client_1007,E-commerce,success,7828.26
TXN-003240,2026-01-04,Client_1004,Bank Transfer,success,6103.72
TXN-003241,2026-04-21,Client_1004,Bills Payment,success,9498.94
TXN-003242,2026-03-07,Client_1007,Bills Payment,success,5260.46
TXN-003243,2026-03-05,Client_1002,Subscription,success,4231.43
TXN-003244,2026-03-13,Client_1002,Bills Payment,success,495.49
TXN-003245,2026-02-05,Client_1007,Bank Transfer,success,8087.43
TXN-003246,2026-04-28,Client_1006,Bank Transfer,success,6092.43
TXN-003247,2026-04-28,Client_1005,Subscription,success,3922.33
TXN-003248,2026-04-22,Client_1010,Retail,failed,6091.53
TXN-003249,2026-03-26,Client_1010,Bills Payment,success,1000.78
TXN-003250,2026-03-04,Client_1006,Retail,success,6350.52
TXN-003251,2026-02-02,Client_1005,Bank Transfer,success,5984.89
TXN-003252,2026-01-30,Client_1006,Bank Transfer,failed,5703.55
TXN-003253,2026-02-14,Client_1005,Bills Payment,success,5224.95
TXN-003254,2026-02-22,Client_1005,Bank Transfer,success,6729.88
TXN-003255,2026-01-25,Client_1010,Bills Payment,success,6914.49
TXN-003256,2026-01-25,Client_1006,Retail,success,2124.2
TXN-003257,2026-03-01,Client_1010,Retail,success,7273.47
TXN-003258,2026-04-23,Client_1005,Bills Payment,success,7920.46
TXN-003259,2026-04-17,Client_1006,Bills Payment,failed,8114.82
TXN-003260,2026-02-17,Client_1004,Subscription,success,2780.33
TXN-003261,2026-03-14,Client_1008,Retail,success,2621.78
TXN-003262,2026-01-10,Client_1005,E-commerce,refunded,8149.83
TXN-003263,2026-02-20,Client_1001,E-commerce,success,9347.81
TXN-003264,2026-04-29,Client_1008,Subscription,failed,5551.38
TXN-003265,2026-04-16,Client_1005,Retail,success,2071.98
TXN-003266,2026-01-07,Client_1007,Subscription,success,4816.04
TXN-003267,2026-02-19,Client_1006,E-commerce,success,1316.87
TXN-003268,2026-04-08,Client_1001,E-commerce,success,2845.82
TXN-003269,2026-03-12,Client_1009,Bank Transfer,success,1049.32
TXN-003270,2026-04-06,Client_1007,Bills Payment,success,6636.94
TXN-003271,2026-01-08,Client_1001,E-commerce,success,6281.16
TXN-003272,2026-02-05,Client_1005,Subscription,success,2282.33
TXN-003273,2026-03-19,Client_1010,Bank Transfer,failed,3600.16
TXN-003274,2026-01-31,Client_1003,E-commerce,success,3235.51
TXN-003275,2026-01-29,Client_1003,Subscription,success,6201.34
TXN-003276,2026-01-21,Client_1002,Retail,success,9788.86
TXN-003277,2026-02-04,Client_1008,E-commerce,success,8469.28
TXN-003278,2026-01-29,Client_1004,Subscription,success,8929.66
TXN-003279,2026-04-28,Client_1004,Bank Transfer,success,2463.83
TXN-003280,2026-02-09,Client_1007,Retail,success,8510.94
TXN-003281,2026-02-27,Client_1004,Bills Payment,success,911.77
TXN-003282,2026-04-02,Client_1008,Subscription,success,8892.37
TXN-003283,2026-04-19,Client_1010,Subscription,success,7674.05
TXN-003284,2026-01-27,Client_1008,Subscription,success,5286.96
TXN-003285,2026-02-11,Client_1001,Subscription,success,3940.22
TXN-003286,2026-02-26,Client_1010,Bills Payment,success,7064.22
TXN-003287,2026-03-18,Client_1007,Bills Payment,success,2150.6
TXN-003288,2026-02-10,Client_1006,Subscription,success,7177.84
TXN-003289,2026-04-26,Client_1004,Subscription,success,4750.16
TXN-003290,2026-01-04,Client_1010,Bills Payment,success,740.48
TXN-003291,2026-04-02,Client_1001,Subscription,success,3659.25
TXN-003292,2026-01-03,Client_1008,Subscription,success,9100.96
TXN-003293,2026-01-12,Client_1007,Bank Transfer,success,2764.3
TXN-003294,2026-04-27,Client_1005,Subscription,success,2269.45
TXN-003295,2026-03-16,Client_1009,Retail,success,2037.55
TXN-003296,2026-01-05,Client_1007,Bank Transfer,success,2362.94
TXN-003297,2026-04-01,Client_1003,E-commerce,success,5572.96
TXN-003298,2026-02-02,Client_1002,Retail,failed,4585.7
TXN-003299,2026-02-07,Client_1003,Subscription,success,9168.03
TXN-003300,2026-01-30,Client_1007,Bank Transfer,success,761.11
TXN-003301,2026-04-22,Client_1002,Retail,success,6580.76
TXN-003302,2026-04-11,Client_1003,Bank Transfer,success,9425.96
TXN-003303,2026-04-25,Client_1003,Bills Payment,success,9617.29
TXN-003304,2026-03-19,Client_1002,E-commerce,success,2763.54
TXN-003305,2026-04-11,Client_1003,Retail,success,4679.12
TXN-003306,2026-04-08,Client_1006,Bills Payment,success,9328.29
TXN-003307,2026-02-01,Client_1001,Bank Transfer,success,7686.86
TXN-003308,2026-03-07,Client_1001,Retail,success,662.82
TXN-003309,2026-01-18,Client_1003,E-commerce,success,8480.72
TXN-003310,2026-01-31,Client_1010,Bank Transfer,success,2864.84
TXN-003311,2026-02-01,Client_1008,Bills Payment,success,7162.95
TXN-003312,2026-01-21,Client_1010,E-commerce,success,3836.51
TXN-003313,2026-01-01,Client_1005,Subscription,success,4950.57
TXN-003314,2026-04-07,Client_1007,Retail,success,4098.59
TXN-003315,2026-03-09,Client_1008,Retail,success,6094.62
TXN-003316,2026-04-02,Client_1007,Bank Transfer,success,4136.02
TXN-003317,2026-03-06,Client_1008,Bills Payment,success,2148.24
TXN-003318,2026-03-18,Client_1006,Bank Transfer,success,9051.24
TXN-003319,2026-02-18,Client_1007,Bank Transfer,success,3214.0
TXN-003320,2026-01-26,Client_1001,Bills Payment,success,6420.69
TXN-003321,2026-01-19,Client_1008,Retail,success,7517.33
TXN-003322,2026-03-25,Client_1005,Subscription,success,262.14
TXN-003323,2026-01-30,Client_1008,Bank Transfer,success,4716.86
TXN-003324,2026-03-01,Client_1006,Bills Payment,success,4216.42
TXN-003325,2026-01-07,Client_1004,Bills Payment,failed,9235.19
TXN-003326,2026-02-07,Client_1006,E-commerce,success,9102.98
TXN-003327,2026-04-24,Client_1007,E-commerce,success,3612.27
TXN-003328,2026-03-07,Client_1009,Subscription,success,9815.44
TXN-003329,2026-04-19,Client_1008,E-commerce,success,2015.45
TXN-003330,2026-04-29,Client_1009,Bills Payment,success,1102.9
TXN-003331,2026-04-06,Client_1009,Bank Transfer,success,5144.12
TXN-003332,2026-03-22,Client_1009,Bank Transfer,success,4093.78
TXN-003333,2026-04-13,Client_1010,Subscription,success,3332.79
TXN-003334,2026-02-17,Client_1001,Retail,success,8846.98
TXN-003335,2026-04-08,Client_1008,Subscription,success,457.94
TXN-003336,2026-04-10,Client_1009,Retail,success,9986.58
TXN-003337,2026-01-20,Client_1007,Bank Transfer,success,4454.63
TXN-003338,2026-04-03,Client_1005,Bills Payment,success,9158.45
TXN-003339,2026-01-12,Client_1010,Subscription,success,2280.35
TXN-003340,2026-01-06,Client_1005,E-commerce,failed,2025.49
TXN-003341,2026-03-14,Client_1004,Subscription,success,8843.35
TXN-003342,2026-02-24,Client_1009,Retail,success,9169.11
TXN-003343,2026-01-01,Client_1002,Bills Payment,success,2728.53
TXN-003344,2026-03-03,Client_1002,Bills Payment,success,9813.85
TXN-003345,2026-04-29,Client_1008,E-commerce,success,4650.1
TXN-003346,2026-04-26,Client_1006,Retail,success,3783.95
TXN-003347,2026-03-02,Client_1005,Retail,success,8902.79
TXN-003348,2026-04-15,Client_1006,Bank Transfer,success,6710.74
TXN-003349,2026-04-17,Client_1010,Retail,success,8081.27
TXN-003350,2026-04-10,Client_1004,Bills Payment,success,4395.35
TXN-003351,2026-02-04,Client_1006,Retail,success,9730.34
TXN-003352,2026-02-21,Client_1001,Retail,success,8644.95
TXN-003353,2026-01-14,Client_1003,Retail,success,7856.42
TXN-003354,2026-04-23,Client_1004,Subscription,failed,9267.91
TXN-003355,2026-03-31,Client_1009,Retail,success,7450.98
TXN-003356,2026-02-23,Client_1010,Bank Transfer,success,2500.69
TXN-003357,2026-03-21,Client_1008,E-commerce,success,9268.63
TXN-003358,2026-01-08,Client_1007,Subscription,success,1625.05
TXN-003359,2026-03-02,Client_1001,Bank Transfer,failed,1270.44
TXN-003360,2026-01-31,Client_1008,Subscription,failed,4023.81
TXN-003361,2026-01-28,Client_1007,Subscription,success,2936.03
TXN-003362,2026-03-20,Client_1003,Bank Transfer,success,3338.71
TXN-003363,2026-02-18,Client_1002,E-commerce,success,7982.32
TXN-003364,2026-01-02,Client_1003,Retail,success,8976.15
TXN-003365,2026-04-30,Client_1003,E-commerce,success,1857.97
TXN-003366,2026-01-18,Client_1005,Bank Transfer,success,9189.03
TXN-003367,2026-03-31,Client_1006,Retail,success,1735.69
TXN-003368,2026-02-09,Client_1006,E-commerce,success,5870.35
TXN-003369,2026-01-06,Client_1010,E-commerce,success,2003.26
TXN-003370,2026-01-22,Client_1007,Subscription,success,5974.36
TXN-003371,2026-03-20,Client_1009,E-commerce,success,2916.0
TXN-003372,2026-01-09,Client_1008,Retail,success,1658.2
TXN-003373,2026-04-10,Client_1009,E-commerce,success,2315.54
TXN-003374,2026-02-06,Client_1001,Subscription,success,6683.58
TXN-003375,2026-03-30,Client_1008,Subscription,success,5137.87
TXN-003376,2026-02-07,Client_1007,Subscription,success,2427.74
TXN-003377,2026-04-19,Client_1005,Bank Transfer,success,4666.74
TXN-003378,2026-04-01,Client_1003,E-commerce,success,5918.06
TXN-003379,2026-01-16,Client_1003,E-commerce,refunded,1348.49
TXN-003380,2026-04-03,Client_1002,Bank Transfer,success,6908.49
TXN-003381,2026-03-16,Client_1004,Subscription,success,1313.92
TXN-003382,2026-03-24,Client_1009,Retail,success,7120.2
TXN-003383,2026-04-25,Client_1008,E-commerce,success,3968.86
TXN-003384,2026-02-14,Client_1002,E-commerce,success,8545.37
TXN-003385,2026-02-02,Client_1007,Bills Payment,success,4688.69
TXN-003386,2026-02-20,Client_1006,Subscription,success,3336.39
TXN-003387,2026-04-01,Client_1007,Bank Transfer,failed,7539.99
TXN-003388,2026-04-22,Client_1003,E-commerce,success,1725.37
TXN-003389,2026-02-02,Client_1007,E-commerce,success,9884.85
TXN-003390,2026-01-19,Client_1001,Bills Payment,success,6078.83
TXN-003391,2026-02-05,Client_1004,Bills Payment,success,7731.51
TXN-003392,2026-03-22,Client_1006,Bank Transfer,success,3792.94
TXN-003393,2026-01-01,Client_1002,Subscription,success,9695.81
TXN-003394,2026-01-26,Client_1004,Bills Payment,success,6620.79
TXN-003395,2026-04-05,Client_1009,Bank Transfer,success,8906.91
TXN-003396,2026-03-17,Client_1010,Retail,success,7720.15
TXN-003397,2026-04-04,Client_1001,Subscription,refunded,5950.65
TXN-003398,2026-02-07,Client_1009,Subscription,success,3392.79
TXN-003399,2026-02-22,Client_1010,E-commerce,success,8794.52
TXN-003400,2026-04-29,Client_1008,Retail,success,9238.59
TXN-003401,2026-04-17,Client_1010,Bills Payment,success,3072.8
TXN-003402,2026-03-25,Client_1001,Bills Payment,success,5837.68
TXN-003403,2026-02-20,Client_1005,E-commerce,success,501.39
TXN-003404,2026-04-16,Client_1008,Bills Payment,success,4357.11
TXN-003405,2026-01-10,Client_1005,Retail,success,5510.8
TXN-003406,2026-02-23,Client_1001,Retail,success,7354.23
TXN-003407,2026-04-09,Client_1005,Retail,success,5016.69
TXN-003408,2026-03-16,Client_1004,Retail,success,2946.82
TXN-003409,2026-01-15,Client_1004,Subscription,success,3353.02
TXN-003410,2026-03-11,Client_1004,E-commerce,success,888.8
TXN-003411,2026-03-24,Client_1004,Subscription,success,1385.79
TXN-003412,2026-04-06,Client_1005,Bills Payment,success,6750.93
TXN-003413,2026-02-23,Client_1003,Subscription,success,1722.68
TXN-003414,2026-01-13,Client_1005,Bank Transfer,refunded,6946.42
TXN-003415,2026-03-23,Client_1002,E-commerce,refunded,8744.89
TXN-003416,2026-04-20,Client_1001,Bills Payment,success,7726.36
TXN-003417,2026-04-08,Client_1005,Bills Payment,success,4567.79
TXN-003418,2026-01-16,Client_1009,Retail,success,1308.77
TXN-003419,2026-03-27,Client_1010,Bank Transfer,success,3626.96
TXN-003420,2026-01-12,Client_1006,Bills Payment,success,1974.07
TXN-003421,2026-02-02,Client_1001,Retail,success,7953.77
TXN-003422,2026-01-12,Client_1002,Bills Payment,success,1687.36
TXN-003423,2026-04-15,Client_1009,Bills Payment,success,9254.67
TXN-003424,2026-03-22,Client_1006,E-commerce,success,3953.85
TXN-003425,2026-04-07,Client_1007,E-commerce,success,7781.04
TXN-003426,2026-02-21,Client_1004,Bills Payment,success,6411.14
TXN-003427,2026-04-10,Client_1010,E-commerce,refunded,7472.05
TXN-003428,2026-04-17,Client_1008,Retail,success,3934.03
TXN-003429,2026-03-24,Client_1006,Bills Payment,failed,460.16
TXN-003430,2026-01-25,Client_1001,Retail,success,9877.86
TXN-003431,2026-04-30,Client_1006,Bank Transfer,success,8391.44
TXN-003432,2026-02-10,Client_1008,E-commerce,success,1050.18
TXN-003433,2026-03-08,Client_1009,E-commerce,success,4786.96
TXN-003434,2026-03-12,Client_1009,Bank Transfer,success,8127.21
TXN-003435,2026-04-11,Client_1006,Bills Payment,success,8239.43
TXN-003436,2026-02-07,Client_1001,E-commerce,success,3072.03
TXN-003437,2026-01-18,Client_1005,Subscription,refunded,2878.61
TXN-003438,2026-04-19,Client_1007,E-commerce,refunded,3701.47
TXN-003439,2026-03-05,Client_1005,Bank Transfer,success,358.86
TXN-003440,2026-02-06,Client_1006,Bills Payment,success,8708.1
TXN-003441,2026-04-30,Client_1009,Retail,success,1091.21
TXN-003442,2026-01-15,Client_1002,Bank Transfer,success,3251.29
TXN-003443,2026-01-16,Client_1003,Retail,success,8023.68
TXN-003444,2026-01-30,Client_1001,Bank Transfer,success,7630.28
TXN-003445,2026-04-07,Client_1009,E-commerce,success,5534.47
TXN-003446,2026-03-15,Client_1009,Bank Transfer,failed,6613.21
TXN-003447,2026-01-13,Client_1007,E-commerce,success,8791.85
TXN-003448,2026-01-12,Client_1006,Bank Transfer,success,1455.23
TXN-003449,2026-01-13,Client_1010,E-commerce,success,4822.07
TXN-003450,2026-03-02,Client_1006,Subscription,success,2716.39
TXN-003451,2026-03-17,Client_1009,Bills Payment,success,1766.96
TXN-003452,2026-03-25,Client_1010,E-commerce,success,266.77
TXN-003453,2026-01-28,Client_1003,Bills Payment,success,8239.54
TXN-003454,2026-03-29,Client_1009,Bills Payment,refunded,152.34
TXN-003455,2026-03-08,Client_1005,Retail,success,7785.0
TXN-003456,2026-01-25,Client_1008,Retail,success,4354.26
TXN-003457,2026-03-20,Client_1007,Bills Payment,success,2997.79
TXN-003458,2026-01-18,Client_1007,Retail,success,5825.48
TXN-003459,2026-02-04,Client_1004,Retail,success,1334.02
TXN-003460,2026-02-23,Client_1005,Retail,success,9780.38
TXN-003461,2026-02-21,Client_1010,Bills Payment,success,6943.87
TXN-003462,2026-03-15,Client_1003,Retail,success,6743.14
TXN-003463,2026-01-17,Client_1001,Bills Payment,refunded,7474.31
TXN-003464,2026-04-04,Client_1002,Subscription,success,2259.54
TXN-003465,2026-01-15,Client_1010,E-commerce,success,7200.64
TXN-003466,2026-04-17,Client_1001,Subscription,success,2142.7
TXN-003467,2026-01-19,Client_1003,E-commerce,success,3318.6
TXN-003468,2026-02-22,Client_1007,Retail,success,4489.78
TXN-003469,2026-01-26,Client_1003,Bills Payment,success,1961.21
TXN-003470,2026-03-27,Client_1004,Subscription,success,2811.58
TXN-003471,2026-01-07,Client_1005,E-commerce,success,1670.19
TXN-003472,2026-04-11,Client_1001,Subscription,success,2118.01
TXN-003473,2026-01-15,Client_1005,Bills Payment,success,1852.89
TXN-003474,2026-04-09,Client_1001,Subscription,success,5342.96
TXN-003475,2026-03-17,Client_1008,Bank Transfer,success,2320.73
TXN-003476,2026-01-26,Client_1005,Subscription,refunded,2769.43
TXN-003477,2026-03-03,Client_1004,Subscription,failed,269.74
TXN-003478,2026-01-31,Client_1008,Subscription,success,9490.3
TXN-003479,2026-03-07,Client_1003,E-commerce,success,3771.26
TXN-003480,2026-02-02,Client_1002,Bank Transfer,success,5213.16
TXN-003481,2026-02-09,Client_1007,E-commerce,success,9575.83
TXN-003482,2026-01-14,Client_1004,Bank Transfer,success,2518.51
TXN-003483,2026-03-27,Client_1009,Retail,success,9251.86
TXN-003484,2026-04-28,Client_1003,Subscription,refunded,133.37
TXN-003485,2026-01-03,Client_1006,Retail,success,3478.83
TXN-003486,2026-03-03,Client_1004,Bills Payment,success,3132.75
TXN-003487,2026-04-08,Client_1007,Bank Transfer,success,2792.22
TXN-003488,2026-01-26,Client_1007,Retail,success,3633.19
TXN-003489,2026-02-18,Client_1008,Retail,success,2524.35
TXN-003490,2026-01-06,Client_1006,Bank Transfer,success,2487.55
TXN-003491,2026-02-12,Client_1008,Bills Payment,success,5668.11
TXN-003492,2026-03-30,Client_1002,E-commerce,success,1456.26
TXN-003493,2026-02-22,Client_1001,Bills Payment,success,5396.31
TXN-003494,2026-04-05,Client_1002,E-commerce,success,9761.68
TXN-003495,2026-02-26,Client_1003,Bills Payment,success,2262.86
TXN-003496,2026-01-13,Client_1001,Bank Transfer,success,5916.25
TXN-003497,2026-01-16,Client_1005,Retail,failed,8941.72
TXN-003498,2026-01-12,Client_1006,Bills Payment,success,1025.75
TXN-003499,2026-02-02,Client_1010,Retail,success,9388.89
TXN-003500,2026-01-31,Client_1001,Subscription,success,5456.64
TXN-003501,2026-03-26,Client_1001,Subscription,success,2241.95
TXN-003502,2026-02-22,Client_1006,E-commerce,success,5870.5
TXN-003503,2026-04-29,Client_1010,Bank Transfer,success,6994.15
TXN-003504,2026-04-30,Client_1006,Subscription,success,1726.51
TXN-003505,2026-04-05,Client_1002,Retail,success,2825.05
TXN-003506,2026-01-23,Client_1003,Bills Payment,success,7351.16
TXN-003507,2026-01-26,Client_1004,Bills Payment,success,4662.47
TXN-003508,2026-03-26,Client_1008,Bills Payment,success,411.76
TXN-003509,2026-04-03,Client_1004,Bank Transfer,success,8813.65
TXN-003510,2026-02-08,Client_1007,Bills Payment,success,8352.83
TXN-003511,2026-01-21,Client_1008,Subscription,success,3807.9
TXN-003512,2026-03-10,Client_1003,Subscription,success,7667.73
TXN-003513,2026-01-28,Client_1002,Bills Payment,success,4402.72
TXN-003514,2026-03-31,Client_1003,Bank Transfer,success,7165.85
TXN-003515,2026-04-24,Client_1009,Retail,failed,9179.66
TXN-003516,2026-02-12,Client_1008,Bills Payment,success,5983.27
TXN-003517,2026-03-26,Client_1010,Bills Payment,failed,4306.37
TXN-003518,2026-03-20,Client_1008,Bank Transfer,success,6102.18
TXN-003519,2026-04-29,Client_1001,Bills Payment,success,3817.71
TXN-003520,2026-03-10,Client_1008,E-commerce,success,1241.94
TXN-003521,2026-03-30,Client_1003,E-commerce,success,7032.67
TXN-003522,2026-04-20,Client_1002,Retail,success,9102.4
TXN-003523,2026-03-16,Client_1003,E-commerce,success,5436.35
TXN-003524,2026-01-30,Client_1003,Bills Payment,failed,5133.32
TXN-003525,2026-03-19,Client_1009,E-commerce,success,5567.55
TXN-003526,2026-02-13,Client_1009,Retail,success,2685.29
TXN-003527,2026-03-12,Client_1003,Bills Payment,success,4956.03
TXN-003528,2026-04-18,Client_1004,Bills Payment,success,2283.03
TXN-003529,2026-03-23,Client_1002,Retail,success,4479.24
TXN-003530,2026-02-24,Client_1009,E-commerce,success,3286.24
TXN-003531,2026-01-22,Client_1005,Bank Transfer,success,7678.25
TXN-003532,2026-04-10,Client_1001,E-commerce,success,7258.59
TXN-003533,2026-01-11,Client_1006,Bills Payment,success,8098.92
TXN-003534,2026-03-16,Client_1002,E-commerce,success,4859.72
TXN-003535,2026-04-14,Client_1002,Subscription,success,5436.41
TXN-003536,2026-02-17,Client_1001,Retail,success,1582.77
TXN-003537,2026-02-15,Client_1006,Subscription,success,7967.43
TXN-003538,2026-03-06,Client_1005,Bank Transfer,success,941.9
TXN-003539,2026-04-15,Client_1003,Retail,success,5446.13
TXN-003540,2026-02-06,Client_1008,Retail,failed,858.38
TXN-003541,2026-01-23,Client_1005,Retail,success,520.35
TXN-003542,2026-02-18,Client_1008,E-commerce,success,4726.4
TXN-003543,2026-01-06,Client_1010,E-commerce,success,2686.72
TXN-003544,2026-02-01,Client_1007,Bank Transfer,success,978.02
TXN-003545,2026-04-03,Client_1009,Bank Transfer,success,4111.32
TXN-003546,2026-03-14,Client_1002,Bills Payment,success,7997.23
TXN-003547,2026-03-07,Client_1004,Bank Transfer,success,585.08
TXN-003548,2026-02-09,Client_1003,Retail,success,514.54
TXN-003549,2026-04-02,Client_1001,Subscription,success,2158.37
TXN-003550,2026-02-22,Client_1010,Retail,success,6219.1
TXN-003551,2026-04-11,Client_1001,Retail,success,9535.74
TXN-003552,2026-04-20,Client_1009,Bills Payment,success,701.05
TXN-003553,2026-04-13,Client_1001,E-commerce,success,2602.87
TXN-003554,2026-03-09,Client_1002,Retail,failed,7411.21
TXN-003555,2026-02-03,Client_1005,Bills Payment,success,4789.05
TXN-003556,2026-04-23,Client_1004,Retail,success,7210.0
TXN-003557,2026-01-25,Client_1009,E-commerce,success,2498.05
TXN-003558,2026-03-28,Client_1002,Bills Payment,success,6228.84
TXN-003559,2026-02-07,Client_1003,Retail,success,6728.0
TXN-003560,2026-04-04,Client_1005,Subscription,success,305.02
TXN-003561,2026-04-23,Client_1007,Bills Payment,success,7279.76
TXN-003562,2026-03-09,Client_1007,Bills Payment,success,9611.66
TXN-003563,2026-02-02,Client_1002,Subscription,success,8238.17
TXN-003564,2026-02-07,Client_1007,Bills Payment,success,7527.9
TXN-003565,2026-04-07,Client_1005,E-commerce,success,7907.72
TXN-003566,2026-04-03,Client_1006,Bank Transfer,success,1950.86
TXN-003567,2026-01-25,Client_1001,E-commerce,success,3146.52
TXN-003568,2026-04-12,Client_1005,Bank Transfer,success,9603.72
TXN-003569,2026-03-09,Client_1009,E-commerce,success,7334.72
TXN-003570,2026-02-17,Client_1004,Retail,success,5235.59
TXN-003571,2026-04-17,Client_1005,Bank Transfer,success,1429.11
TXN-003572,2026-03-20,Client_1001,Bank Transfer,success,6899.59
TXN-003573,2026-01-08,Client_1005,Bills Payment,success,2239.72
TXN-003574,2026-04-08,Client_1006,Bills Payment,success,2651.4
TXN-003575,2026-02-10,Client_1002,Subscription,success,8086.38
TXN-003576,2026-04-14,Client_1002,E-commerce,success,6038.57
TXN-003577,2026-03-09,Client_1008,E-commerce,success,6103.92
TXN-003578,2026-01-26,Client_1004,Retail,success,6819.95
TXN-003579,2026-03-05,Client_1004,Bills Payment,success,3297.9
TXN-003580,2026-01-29,Client_1001,Subscription,success,7261.27
TXN-003581,2026-01-11,Client_1010,Retail,success,9620.84
TXN-003582,2026-02-19,Client_1002,Subscription,refunded,8597.95
TXN-003583,2026-04-10,Client_1009,Retail,failed,205.65
TXN-003584,2026-01-24,Client_1004,E-commerce,refunded,391.04
TXN-003585,2026-01-14,Client_1006,Subscription,success,1366.28
TXN-003586,2026-03-18,Client_1009,E-commerce,success,3835.18
TXN-003587,2026-03-02,Client_1008,Bank Transfer,success,8248.11
TXN-003588,2026-03-18,Client_1002,Subscription,failed,8834.58
TXN-003589,2026-03-29,Client_1004,Subscription,success,7941.62
TXN-003590,2026-01-18,Client_1001,E-commerce,success,802.04
TXN-003591,2026-01-16,Client_1009,Retail,success,5438.37
TXN-003592,2026-01-29,Client_1004,Subscription,success,3495.21
TXN-003593,2026-01-04,Client_1010,Bills Payment,success,4132.06
TXN-003594,2026-01-22,Client_1003,Bills Payment,success,5107.94
TXN-003595,2026-01-10,Client_1004,Subscription,success,3443.18
TXN-003596,2026-01-10,Client_1002,Bank Transfer,failed,6984.63
TXN-003597,2026-04-20,Client_1005,Bills Payment,success,4131.75
TXN-003598,2026-04-06,Client_1001,Bank Transfer,success,7802.38
TXN-003599,2026-02-13,Client_1004,Subscription,failed,4343.83
TXN-003600,2026-04-12,Client_1001,Retail,success,1253.48
TXN-003601,2026-01-17,Client_1007,E-commerce,failed,9444.09
TXN-003602,2026-04-22,Client_1001,Retail,failed,3677.09
TXN-003603,2026-02-20,Client_1010,E-commerce,success,7651.09
TXN-003604,2026-02-19,Client_1003,Subscription,success,9409.06
TXN-003605,2026-01-28,Client_1002,Bills Payment,success,2614.87
TXN-003606,2026-02-13,Client_1006,E-commerce,success,5139.85
TXN-003607,2026-01-24,Client_1007,Retail,success,6301.15
TXN-003608,2026-03-04,Client_1007,Retail,success,1511.7
TXN-003609,2026-01-27,Client_1009,Bank Transfer,success,9634.98
TXN-003610,2026-01-15,Client_1004,Bank Transfer,failed,149.09
TXN-003611,2026-03-09,Client_1008,Bills Payment,success,2450.51
TXN-003612,2026-04-21,Client_1009,Retail,success,556.59
TXN-003613,2026-01-30,Client_1006,Retail,success,628.66
TXN-003614,2026-03-27,Client_1006,Subscription,success,278.74
TXN-003615,2026-04-16,Client_1001,Retail,success,5688.17
TXN-003616,2026-04-01,Client_1002,Bank Transfer,success,1899.6
TXN-003617,2026-01-03,Client_1008,Bank Transfer,success,1739.45
TXN-003618,2026-04-07,Client_1010,Retail,success,6297.03
TXN-003619,2026-04-09,Client_1010,Retail,success,8708.84
TXN-003620,2026-03-26,Client_1005,Retail,success,7619.0
TXN-003621,2026-04-06,Client_1008,E-commerce,failed,3025.92
TXN-003622,2026-03-10,Client_1006,Retail,success,9524.16
TXN-003623,2026-02-01,Client_1003,Bank Transfer,success,3014.63
TXN-003624,2026-04-09,Client_1009,Bank Transfer,success,7943.76
TXN-003625,2026-04-20,Client_1004,Bills Payment,failed,1172.71
TXN-003626,2026-04-18,Client_1004,Bank Transfer,success,7785.06
TXN-003627,2026-02-25,Client_1007,Retail,success,9381.54
TXN-003628,2026-02-22,Client_1010,E-commerce,refunded,4782.48
TXN-003629,2026-02-20,Client_1002,Subscription,success,9726.19
TXN-003630,2026-01-04,Client_1008,Bills Payment,success,3164.07
TXN-003631,2026-04-03,Client_1004,Retail,success,3325.2
TXN-003632,2026-03-26,Client_1010,Bank Transfer,success,8995.37
TXN-003633,2026-03-08,Client_1003,Retail,success,8376.12
TXN-003634,2026-02-06,Client_1001,Bank Transfer,refunded,8884.1
TXN-003635,2026-01-16,Client_1003,Retail,success,3479.26
TXN-003636,2026-03-12,Client_1003,Subscription,success,3651.35
TXN-003637,2026-03-28,Client_1003,Subscription,success,1025.62
TXN-003638,2026-03-12,Client_1007,Retail,success,4128.56
TXN-003639,2026-01-10,Client_1004,E-commerce,success,8106.55
TXN-003640,2026-01-13,Client_1003,Bills Payment,success,3205.58
TXN-003641,2026-02-13,Client_1002,Bank Transfer,success,7794.46
TXN-003642,2026-02-21,Client_1009,Bills Payment,success,7983.21
TXN-003643,2026-02-09,Client_1009,Bank Transfer,success,501.56
TXN-003644,2026-01-04,Client_1003,Subscription,success,109.68
TXN-003645,2026-03-27,Client_1009,Subscription,success,9082.66
TXN-003646,2026-02-19,Client_1002,E-commerce,success,9798.54
TXN-003647,2026-02-19,Client_1009,Bills Payment,success,6716.32
TXN-003648,2026-04-15,Client_1010,Bank Transfer,success,8250.92
TXN-003649,2026-01-04,Client_1001,E-commerce,success,654.26
TXN-003650,2026-03-24,Client_1005,E-commerce,success,6104.68
TXN-003651,2026-04-20,Client_1006,E-commerce,success,7759.18
TXN-003652,2026-04-21,Client_1009,Bills Payment,success,9499.29
TXN-003653,2026-03-24,Client_1007,Bills Payment,success,3746.77
TXN-003654,2026-03-23,Client_1005,Bank Transfer,success,5003.16
TXN-003655,2026-02-26,Client_1010,Bank Transfer,success,676.0
TXN-003656,2026-02-27,Client_1003,Subscription,success,4175.3
TXN-003657,2026-01-17,Client_1010,Bills Payment,success,5599.1
TXN-003658,2026-01-12,Client_1008,Subscription,failed,9238.59
TXN-003659,2026-01-21,Client_1010,Retail,success,7799.62
TXN-003660,2026-01-03,Client_1007,Retail,success,2701.71
TXN-003661,2026-01-25,Client_1004,Bills Payment,success,982.95
TXN-003662,2026-01-17,Client_1006,Bank Transfer,success,1795.36
TXN-003663,2026-02-14,Client_1007,E-commerce,success,9278.95
TXN-003664,2026-03-01,Client_1001,Bills Payment,success,9001.23
TXN-003665,2026-01-22,Client_1002,E-commerce,success,104.6
TXN-003666,2026-01-15,Client_1004,Subscription,success,5181.61
TXN-003667,2026-03-27,Client_1006,Bills Payment,success,5506.52
TXN-003668,2026-02-14,Client_1007,E-commerce,success,4530.14
TXN-003669,2026-04-25,Client_1009,Bank Transfer,success,5966.29
TXN-003670,2026-04-03,Client_1003,Retail,success,1494.43
TXN-003671,2026-02-20,Client_1005,Retail,success,8192.87
TXN-003672,2026-02-25,Client_1005,Bank Transfer,refunded,2441.42
TXN-003673,2026-01-27,Client_1005,E-commerce,success,5388.4
TXN-003674,2026-04-29,Client_1003,Subscription,success,5046.62
TXN-003675,2026-03-07,Client_1003,Bills Payment,success,8356.18
TXN-003676,2026-03-23,Client_1002,Subscription,failed,5931.03
TXN-003677,2026-04-16,Client_1003,E-commerce,success,2684.87
TXN-003678,2026-04-30,Client_1007,Bills Payment,success,3467.36
TXN-003679,2026-04-17,Client_1008,Retail,success,7603.0
TXN-003680,2026-04-21,Client_1004,Retail,success,1238.36
TXN-003681,2026-03-07,Client_1003,Retail,success,3252.57
TXN-003682,2026-01-04,Client_1006,Bills Payment,success,4551.47
TXN-003683,2026-04-05,Client_1001,Subscription,success,5927.25
TXN-003684,2026-04-03,Client_1007,Subscription,success,9945.23
TXN-003685,2026-02-28,Client_1008,E-commerce,success,9388.12
TXN-003686,2026-01-31,Client_1007,Retail,success,1550.79
TXN-003687,2026-04-12,Client_1001,Bank Transfer,success,3823.56
TXN-003688,2026-01-19,Client_1002,Bills Payment,success,6328.83
TXN-003689,2026-02-11,Client_1003,E-commerce,refunded,6819.6
TXN-003690,2026-03-26,Client_1006,E-commerce,success,5436.84
TXN-003691,2026-02-27,Client_1002,Bank Transfer,success,1588.37
TXN-003692,2026-01-10,Client_1009,Bills Payment,success,5749.12
TXN-003693,2026-02-11,Client_1010,Subscription,refunded,7574.13
TXN-003694,2026-01-06,Client_1009,Retail,success,6850.43
TXN-003695,2026-01-31,Client_1007,Retail,success,2959.16
TXN-003696,2026-03-11,Client_1001,Bills Payment,success,9194.0
TXN-003697,2026-04-19,Client_1006,E-commerce,failed,6948.75
TXN-003698,2026-01-30,Client_1009,Subscription,refunded,6022.41
TXN-003699,2026-03-30,Client_1005,Retail,refunded,6518.87
TXN-003700,2026-02-08,Client_1010,Bank Transfer,success,6136.33
TXN-003701,2026-03-12,Client_1002,E-commerce,success,4573.45
TXN-003702,2026-03-11,Client_1009,Subscription,refunded,7536.63
TXN-003703,2026-01-05,Client_1008,E-commerce,success,1872.52
TXN-003704,2026-04-25,Client_1009,Subscription,success,4828.25
TXN-003705,2026-03-11,Client_1003,E-commerce,failed,4574.86
TXN-003706,2026-02-18,Client_1002,Retail,success,6315.41
TXN-003707,2026-03-01,Client_1008,Retail,success,3906.3
TXN-003708,2026-01-20,Client_1010,Retail,failed,5107.47
TXN-003709,2026-04-02,Client_1003,Bills Payment,success,5810.36
TXN-003710,2026-03-05,Client_1001,Retail,success,5291.43
TXN-003711,2026-02-21,Client_1003,Bills Payment,success,6985.47
TXN-003712,2026-04-24,Client_1001,Bank Transfer,success,3962.53
TXN-003713,2026-04-04,Client_1010,Bank Transfer,success,5735.02
TXN-003714,2026-01-04,Client_1002,Bills Payment,success,5463.52
TXN-003715,2026-04-10,Client_1006,Bank Transfer,success,1907.3
TXN-003716,2026-03-09,Client_1007,Subscription,success,2041.46
TXN-003717,2026-02-15,Client_1010,Bank Transfer,success,2541.59
TXN-003718,2026-01-18,Client_1009,Retail,success,7916.4
TXN-003719,2026-04-17,Client_1004,Bills Payment,success,9025.03
TXN-003720,2026-03-15,Client_1002,Bank Transfer,success,2681.21
TXN-003721,2026-03-29,Client_1006,Bills Payment,success,3445.09
TXN-003722,2026-04-30,Client_1008,Bills Payment,failed,3499.17
TXN-003723,2026-01-22,Client_1010,Bills Payment,success,5932.33
TXN-003724,2026-04-22,Client_1004,Bank Transfer,success,7838.66
TXN-003725,2026-02-17,Client_1002,Bills Payment,success,9401.84
TXN-003726,2026-01-14,Client_1009,Subscription,success,354.03
TXN-003727,2026-03-24,Client_1008,Retail,success,3924.16
TXN-003728,2026-04-19,Client_1009,Bank Transfer,success,3272.37
TXN-003729,2026-03-04,Client_1005,Bank Transfer,success,2022.18
TXN-003730,2026-03-22,Client_1010,E-commerce,success,8949.28
TXN-003731,2026-04-16,Client_1010,E-commerce,failed,1220.65
TXN-003732,2026-03-03,Client_1010,Subscription,success,2071.56
TXN-003733,2026-04-17,Client_1006,Retail,success,7955.17
TXN-003734,2026-01-12,Client_1006,Bills Payment,success,973.25
TXN-003735,2026-02-07,Client_1008,E-commerce,success,3344.88
TXN-003736,2026-01-14,Client_1004,Bills Payment,success,8872.38
TXN-003737,2026-04-15,Client_1007,Subscription,success,9511.17
TXN-003738,2026-01-13,Client_1004,Subscription,success,3241.47
TXN-003739,2026-01-03,Client_1010,Bank Transfer,failed,1581.9
TXN-003740,2026-04-21,Client_1002,Bank Transfer,failed,7945.3
TXN-003741,2026-01-05,Client_1006,Bills Payment,success,6195.62
TXN-003742,2026-01-16,Client_1010,Retail,success,695.41
TXN-003743,2026-04-04,Client_1003,Subscription,success,3673.77
TXN-003744,2026-01-31,Client_1009,Retail,success,7693.16
TXN-003745,2026-02-21,Client_1003,Bills Payment,failed,5618.33
TXN-003746,2026-04-27,Client_1007,Subscription,success,3312.11
TXN-003747,2026-04-09,Client_1010,Retail,success,7567.47
TXN-003748,2026-03-10,Client_1008,Bank Transfer,success,1759.14
TXN-003749,2026-03-05,Client_1006,Retail,success,7433.94
TXN-003750,2026-03-27,Client_1005,Retail,success,7355.59
TXN-003751,2026-02-24,Client_1006,Bank Transfer,success,8431.61
TXN-003752,2026-02-06,Client_1003,Retail,success,9584.25
TXN-003753,2026-04-27,Client_1002,E-commerce,success,4338.26
TXN-003754,2026-02-12,Client_1001,Bills Payment,failed,161.95
TXN-003755,2026-01-06,Client_1001,Bills Payment,success,3787.79
TXN-003756,2026-01-30,Client_1010,Bills Payment,success,2440.57
TXN-003757,2026-03-24,Client_1002,Bank Transfer,success,785.5
TXN-003758,2026-01-01,Client_1006,Bank Transfer,success,5265.69
TXN-003759,2026-03-23,Client_1007,Retail,success,6851.75
TXN-003760,2026-02-06,Client_1005,Bank Transfer,success,5295.44
TXN-003761,2026-02-19,Client_1007,Retail,success,7195.7
TXN-003762,2026-01-19,Client_1008,Bills Payment,success,8998.8
TXN-003763,2026-04-11,Client_1008,Bank Transfer,success,1582.08
TXN-003764,2026-01-01,Client_1003,Bank Transfer,success,9849.42
TXN-003765,2026-04-01,Client_1003,Bank Transfer,success,9502.06
TXN-003766,2026-01-09,Client_1009,Bills Payment,success,1811.45
TXN-003767,2026-03-11,Client_1002,Bills Payment,success,722.86
TXN-003768,2026-01-26,Client_1010,Bills Payment,success,6486.96
TXN-003769,2026-03-22,Client_1005,Retail,success,3833.85
TXN-003770,2026-01-02,Client_1002,Retail,success,2697.66
TXN-003771,2026-01-21,Client_1004,Retail,success,339.83
TXN-003772,2026-01-22,Client_1008,Subscription,success,962.21
TXN-003773,2026-02-28,Client_1003,Bills Payment,failed,4852.79
TXN-003774,2026-02-11,Client_1005,Bank Transfer,success,2729.74
TXN-003775,2026-01-18,Client_1007,Bills Payment,success,9427.16
TXN-003776,2026-02-11,Client_1003,Retail,success,8185.01
TXN-003777,2026-04-20,Client_1008,Subscription,failed,5582.62
TXN-003778,2026-04-04,Client_1002,Subscription,success,8703.4
TXN-003779,2026-04-02,Client_1008,E-commerce,success,1837.94
TXN-003780,2026-02-28,Client_1004,Bills Payment,success,7200.22
TXN-003781,2026-01-28,Client_1010,Retail,refunded,9571.24
TXN-003782,2026-04-29,Client_1001,Bank Transfer,success,1636.4
TXN-003783,2026-03-14,Client_1010,Bills Payment,success,8827.43
TXN-003784,2026-01-13,Client_1007,Bank Transfer,success,5893.25
TXN-003785,2026-03-23,Client_1005,Bills Payment,success,1524.34
TXN-003786,2026-04-25,Client_1003,Bank Transfer,success,7054.46
TXN-003787,2026-02-01,Client_1010,Retail,success,5603.85
TXN-003788,2026-02-09,Client_1005,Subscription,success,7275.38
TXN-003789,2026-03-01,Client_1008,Bills Payment,success,3991.51
TXN-003790,2026-02-01,Client_1001,Retail,success,8667.79
TXN-003791,2026-03-15,Client_1008,Retail,success,1253.14
TXN-003792,2026-04-25,Client_1008,Retail,success,8620.08
TXN-003793,2026-02-26,Client_1001,Bills Payment,success,4457.4
TXN-003794,2026-01-21,Client_1001,Bank Transfer,success,9020.62
TXN-003795,2026-03-01,Client_1009,Subscription,success,2220.95
TXN-003796,2026-04-01,Client_1006,Bills Payment,success,5627.29
TXN-003797,2026-04-28,Client_1009,Bills Payment,success,377.98
TXN-003798,2026-03-28,Client_1002,Bills Payment,success,4031.6
TXN-003799,2026-04-12,Client_1001,Retail,success,472.81
TXN-003800,2026-01-06,Client_1005,Retail,success,8127.25
TXN-003801,2026-03-29,Client_1008,Retail,success,8649.87
TXN-003802,2026-02-26,Client_1006,Bills Payment,success,7248.24
TXN-003803,2026-04-23,Client_1006,Retail,success,2444.28
TXN-003804,2026-03-10,Client_1007,E-commerce,success,9233.22
TXN-003805,2026-04-12,Client_1001,Bills Payment,success,9782.1
TXN-003806,2026-01-31,Client_1007,E-commerce,success,8566.34
TXN-003807,2026-03-15,Client_1006,E-commerce,success,3534.19
TXN-003808,2026-04-22,Client_1003,Bills Payment,success,5748.11
TXN-003809,2026-04-29,Client_1002,E-commerce,success,6464.83
TXN-003810,2026-01-22,Client_1010,Bank Transfer,success,1015.5
TXN-003811,2026-01-26,Client_1008,Bank Transfer,success,7375.73
TXN-003812,2026-01-25,Client_1001,Retail,success,9125.38
TXN-003813,2026-03-15,Client_1007,Subscription,success,6899.06
TXN-003814,2026-03-05,Client_1002,Retail,refunded,1537.32
TXN-003815,2026-01-07,Client_1003,Bills Payment,success,1658.31
TXN-003816,2026-04-21,Client_1008,Subscription,success,6635.81
TXN-003817,2026-01-07,Client_1002,Retail,success,6767.03
TXN-003818,2026-01-15,Client_1002,Subscription,success,1382.07
TXN-003819,2026-01-24,Client_1001,E-commerce,success,415.98
TXN-003820,2026-01-18,Client_1006,Retail,success,9330.78
TXN-003821,2026-01-26,Client_1010,Bills Payment,success,5761.65
TXN-003822,2026-02-25,Client_1007,Bank Transfer,success,232.75
TXN-003823,2026-01-23,Client_1008,Bank Transfer,success,1125.93
TXN-003824,2026-04-08,Client_1005,Bills Payment,success,2916.06
TXN-003825,2026-04-12,Client_1009,Subscription,success,1492.05
TXN-003826,2026-02-13,Client_1001,Retail,success,9821.64
TXN-003827,2026-01-20,Client_1010,Bank Transfer,success,269.44
TXN-003828,2026-04-16,Client_1010,Bills Payment,success,3730.6
TXN-003829,2026-02-14,Client_1007,E-commerce,success,7386.23
TXN-003830,2026-01-01,Client_1004,Retail,success,1369.21
TXN-003831,2026-03-30,Client_1010,Subscription,success,7785.99
TXN-003832,2026-01-30,Client_1008,E-commerce,success,1988.49
TXN-003833,2026-04-30,Client_1006,Retail,success,3730.24
TXN-003834,2026-02-09,Client_1003,Bills Payment,success,2667.64
TXN-003835,2026-01-10,Client_1003,E-commerce,success,4870.34
TXN-003836,2026-01-07,Client_1007,E-commerce,success,1703.34
TXN-003837,2026-01-30,Client_1009,Subscription,success,1746.88
TXN-003838,2026-03-21,Client_1001,Subscription,success,9643.54
TXN-003839,2026-02-25,Client_1007,Retail,success,2359.19
TXN-003840,2026-01-17,Client_1005,Retail,success,9021.09
TXN-003841,2026-02-13,Client_1006,Bank Transfer,failed,1670.12
TXN-003842,2026-04-23,Client_1001,Bills Payment,success,8677.9
TXN-003843,2026-01-05,Client_1004,E-commerce,success,6199.76
TXN-003844,2026-04-27,Client_1007,Subscription,success,7707.28
TXN-003845,2026-02-27,Client_1006,Subscription,failed,3151.77
TXN-003846,2026-01-09,Client_1006,Subscription,success,7805.97
TXN-003847,2026-02-14,Client_1006,Bank Transfer,success,1807.58
TXN-003848,2026-02-01,Client_1005,Subscription,success,1454.91
TXN-003849,2026-04-14,Client_1005,Subscription,success,1194.55
TXN-003850,2026-03-13,Client_1001,E-commerce,success,5190.41
TXN-003851,2026-01-05,Client_1004,E-commerce,success,7393.16
TXN-003852,2026-02-22,Client_1009,Bills Payment,success,4046.52
TXN-003853,2026-04-08,Client_1002,Subscription,success,5211.17
TXN-003854,2026-03-11,Client_1001,Retail,success,7294.95
TXN-003855,2026-02-16,Client_1008,E-commerce,success,401.77
TXN-003856,2026-04-03,Client_1002,Bank Transfer,success,4688.21
TXN-003857,2026-01-26,Client_1009,E-commerce,success,1106.5
TXN-003858,2026-01-07,Client_1008,Bills Payment,success,9690.88
TXN-003859,2026-04-15,Client_1005,Bank Transfer,refunded,9543.49
TXN-003860,2026-03-04,Client_1005,Bills Payment,success,1832.31
TXN-003861,2026-04-01,Client_1004,E-commerce,success,4407.45
TXN-003862,2026-02-14,Client_1009,Retail,success,4523.52
TXN-003863,2026-04-01,Client_1007,Retail,success,393.87
TXN-003864,2026-01-16,Client_1009,E-commerce,success,9997.61
TXN-003865,2026-04-13,Client_1004,Retail,success,8243.6
TXN-003866,2026-04-28,Client_1008,Bank Transfer,success,8907.4
TXN-003867,2026-02-25,Client_1003,E-commerce,success,734.34
TXN-003868,2026-01-31,Client_1003,Subscription,success,670.05
TXN-003869,2026-02-04,Client_1007,Subscription,success,3174.95
TXN-003870,2026-02-12,Client_1010,E-commerce,success,7971.52
TXN-003871,2026-01-07,Client_1008,Retail,success,4726.85
TXN-003872,2026-04-27,Client_1005,E-commerce,success,6585.52
TXN-003873,2026-03-16,Client_1004,Retail,success,5565.14
TXN-003874,2026-04-16,Client_1010,Bank Transfer,success,3218.97
TXN-003875,2026-03-27,Client_1002,Bank Transfer,success,518.74
TXN-003876,2026-03-20,Client_1010,Retail,success,5937.49
TXN-003877,2026-03-24,Client_1010,Subscription,failed,4010.5
TXN-003878,2026-03-19,Client_1009,Subscription,success,6515.47
TXN-003879,2026-01-26,Client_1008,Retail,success,1290.75
TXN-003880,2026-02-23,Client_1007,Retail,success,2996.9
TXN-003881,2026-02-22,Client_1007,E-commerce,success,4901.06
TXN-003882,2026-01-07,Client_1008,Subscription,success,2557.59
TXN-003883,2026-04-17,Client_1003,Bank Transfer,success,2188.26
TXN-003884,2026-03-30,Client_1009,Retail,success,5870.35
TXN-003885,2026-04-27,Client_1002,Retail,success,245.14
TXN-003886,2026-04-02,Client_1005,Bills Payment,failed,8496.4
TXN-003887,2026-03-26,Client_1003,E-commerce,success,604.71
TXN-003888,2026-02-28,Client_1009,Bills Payment,success,4166.34
TXN-003889,2026-04-18,Client_1003,E-commerce,success,6638.36
TXN-003890,2026-02-03,Client_1002,Retail,failed,8011.94
TXN-003891,2026-01-31,Client_1006,Retail,success,5995.19
TXN-003892,2026-04-24,Client_1010,Subscription,failed,8984.72
TXN-003893,2026-01-11,Client_1008,E-commerce,success,5421.27
TXN-003894,2026-03-22,Client_1010,Bank Transfer,failed,5131.35
TXN-003895,2026-04-15,Client_1002,Retail,failed,8952.22
TXN-003896,2026-02-08,Client_1009,Bills Payment,success,1290.4
TXN-003897,2026-04-23,Client_1006,Retail,success,9278.31
TXN-003898,2026-03-15,Client_1008,Retail,success,9331.82
TXN-003899,2026-03-11,Client_1003,E-commerce,success,2669.06
TXN-003900,2026-01-06,Client_1007,Subscription,success,6699.18
TXN-003901,2026-04-17,Client_1003,Bills Payment,success,942.77
TXN-003902,2026-03-18,Client_1007,E-commerce,success,6713.04
TXN-003903,2026-04-30,Client_1003,Retail,failed,6775.97
TXN-003904,2026-03-17,Client_1005,Bills Payment,success,4292.4
TXN-003905,2026-04-26,Client_1009,Bills Payment,success,7546.35
TXN-003906,2026-03-16,Client_1008,E-commerce,success,5929.53
TXN-003907,2026-01-30,Client_1002,Bank Transfer,failed,975.53
TXN-003908,2026-03-16,Client_1007,E-commerce,success,535.81
TXN-003909,2026-04-26,Client_1009,Bills Payment,success,2912.76
TXN-003910,2026-04-25,Client_1009,Retail,success,7256.37
TXN-003911,2026-02-15,Client_1002,Subscription,success,8604.03
TXN-003912,2026-03-26,Client_1007,Bills Payment,success,547.16
TXN-003913,2026-03-19,Client_1007,Bank Transfer,success,3825.51
TXN-003914,2026-03-11,Client_1004,Bank Transfer,failed,4350.15
TXN-003915,2026-02-04,Client_1008,Retail,success,741.12
TXN-003916,2026-01-02,Client_1003,Retail,success,3920.76
TXN-003917,2026-01-21,Client_1006,Retail,success,8272.65
TXN-003918,2026-02-22,Client_1005,Retail,success,103.4
TXN-003919,2026-03-15,Client_1004,Bank Transfer,success,5373.76
TXN-003920,2026-03-06,Client_1004,Retail,success,4415.49
TXN-003921,2026-02-03,Client_1007,Subscription,success,9876.48
TXN-003922,2026-03-09,Client_1008,Retail,success,4306.65
TXN-003923,2026-03-21,Client_1002,E-commerce,success,2223.07
TXN-003924,2026-04-17,Client_1002,Retail,failed,9942.79
TXN-003925,2026-02-01,Client_1006,Retail,success,1716.13
TXN-003926,2026-04-16,Client_1004,Subscription,success,2212.1
TXN-003927,2026-04-03,Client_1007,E-commerce,success,9812.02
TXN-003928,2026-01-06,Client_1005,Bank Transfer,success,1034.52
TXN-003929,2026-02-12,Client_1001,Bills Payment,success,9565.87
TXN-003930,2026-04-07,Client_1005,Subscription,success,1333.24
TXN-003931,2026-01-13,Client_1007,Bank Transfer,success,8743.11
TXN-003932,2026-03-31,Client_1005,Bank Transfer,success,5715.47
TXN-003933,2026-02-21,Client_1002,Subscription,success,4893.97
TXN-003934,2026-04-27,Client_1002,Retail,success,2661.05
TXN-003935,2026-03-10,Client_1010,Retail,success,5512.37
TXN-003936,2026-04-27,Client_1001,Subscription,success,5556.41
TXN-003937,2026-01-13,Client_1005,E-commerce,success,4195.62
TXN-003938,2026-04-19,Client_1002,Bills Payment,success,6263.22
TXN-003939,2026-04-28,Client_1007,Subscription,failed,5504.56
TXN-003940,2026-03-20,Client_1009,Retail,success,2564.86
TXN-003941,2026-03-16,Client_1007,Retail,success,3185.0
TXN-003942,2026-03-06,Client_1007,Retail,success,8935.98
TXN-003943,2026-01-12,Client_1006,Bank Transfer,success,9791.07
TXN-003944,2026-04-13,Client_1001,E-commerce,success,1434.2
TXN-003945,2026-03-18,Client_1003,E-commerce,success,7832.36
TXN-003946,2026-02-16,Client_1004,Subscription,failed,540.44
TXN-003947,2026-01-15,Client_1002,Subscription,success,6859.38
TXN-003948,2026-01-08,Client_1004,Retail,success,7735.79
TXN-003949,2026-04-14,Client_1007,Bills Payment,success,2560.67
TXN-003950,2026-04-01,Client_1003,E-commerce,success,2673.06
TXN-003951,2026-02-17,Client_1010,E-commerce,success,176.02
TXN-003952,2026-01-04,Client_1010,Retail,success,1445.28
TXN-003953,2026-03-09,Client_1010,Bank Transfer,success,3003.84
TXN-003954,2026-02-18,Client_1007,Bank Transfer,success,7431.54
TXN-003955,2026-03-13,Client_1010,Subscription,success,4163.56
TXN-003956,2026-02-11,Client_1007,Bank Transfer,success,8219.89
TXN-003957,2026-04-30,Client_1005,Bank Transfer,success,3705.46
TXN-003958,2026-04-07,Client_1008,Bank Transfer,success,388.92
TXN-003959,2026-02-27,Client_1005,Bank Transfer,refunded,2003.65
TXN-003960,2026-03-06,Client_1010,E-commerce,success,2500.91
TXN-003961,2026-04-11,Client_1006,Bank Transfer,success,8771.27
TXN-003962,2026-04-11,Client_1003,Bills Payment,success,3431.42
TXN-003963,2026-02-07,Client_1001,E-commerce,success,3406.62
TXN-003964,2026-03-19,Client_1006,Bills Payment,failed,190.65
TXN-003965,2026-04-30,Client_1007,Bills Payment,success,1272.3
TXN-003966,2026-01-20,Client_1005,Bills Payment,refunded,8002.1
TXN-003967,2026-02-24,Client_1008,Subscription,success,1429.93
TXN-003968,2026-02-10,Client_1010,E-commerce,success,1126.2
TXN-003969,2026-01-23,Client_1005,E-commerce,success,9116.12
TXN-003970,2026-04-20,Client_1009,Bank Transfer,success,5218.99
TXN-003971,2026-02-19,Client_1001,E-commerce,success,9796.35
TXN-003972,2026-01-02,Client_1002,Subscription,success,9821.59
TXN-003973,2026-03-03,Client_1008,Retail,success,8758.73
TXN-003974,2026-01-23,Client_1010,Retail,failed,3647.81
TXN-003975,2026-04-30,Client_1001,Bank Transfer,success,9942.74
TXN-003976,2026-02-22,Client_1005,Bills Payment,success,4307.38
TXN-003977,2026-01-19,Client_1002,Bills Payment,success,5334.74
TXN-003978,2026-01-30,Client_1008,Bank Transfer,success,3522.62
TXN-003979,2026-03-17,Client_1007,Retail,success,5585.67
TXN-003980,2026-04-15,Client_1003,Bank Transfer,refunded,9485.08
TXN-003981,2026-01-23,Client_1005,Bills Payment,success,5619.17
TXN-003982,2026-04-07,Client_1004,Retail,success,2606.86
TXN-003983,2026-04-13,Client_1005,E-commerce,success,9451.27
TXN-003984,2026-02-02,Client_1005,Bank Transfer,success,4725.52
TXN-003985,2026-04-05,Client_1003,Bills Payment,success,859.37
TXN-003986,2026-01-18,Client_1004,Bills Payment,failed,9848.78
TXN-003987,2026-02-06,Client_1009,Retail,success,7336.62
TXN-003988,2026-03-04,Client_1010,E-commerce,success,9021.59
TXN-003989,2026-02-20,Client_1004,Bills Payment,success,6486.14
TXN-003990,2026-03-28,Client_1003,Subscription,success,1997.12
TXN-003991,2026-04-17,Client_1009,Retail,success,1780.19
TXN-003992,2026-01-10,Client_1008,Bank Transfer,success,6585.04
TXN-003993,2026-01-08,Client_1002,Retail,success,9626.93
TXN-003994,2026-04-16,Client_1001,Bank Transfer,success,6389.88
TXN-003995,2026-01-05,Client_1007,Retail,refunded,9790.72
TXN-003996,2026-02-11,Client_1009,Retail,success,2740.98
TXN-003997,2026-04-25,Client_1004,Bank Transfer,success,8822.86
TXN-003998,2026-01-02,Client_1001,E-commerce,success,7180.04
TXN-003999,2026-02-20,Client_1008,Subscription,success,5190.47
TXN-004000,2026-01-09,Client_1007,Bank Transfer,refunded,2860.66
TXN-004001,2026-02-02,Client_1006,Bank Transfer,success,629.52
TXN-004002,2026-03-10,Client_1004,Retail,success,6915.5
TXN-004003,2026-03-02,Client_1010,Retail,success,7075.31
TXN-004004,2026-03-12,Client_1002,E-commerce,success,6544.02
TXN-004005,2026-04-27,Client_1006,Bills Payment,success,1321.0
TXN-004006,2026-03-10,Client_1008,Retail,success,2629.02
TXN-004007,2026-03-10,Client_1007,Retail,success,4313.29
TXN-004008,2026-03-17,Client_1009,Retail,success,8859.51
TXN-004009,2026-04-08,Client_1010,E-commerce,success,9854.31
TXN-004010,2026-03-03,Client_1010,Bills Payment,success,1136.08
TXN-004011,2026-04-18,Client_1008,Bills Payment,success,2402.26
TXN-004012,2026-04-14,Client_1002,Retail,success,9638.72
TXN-004013,2026-04-01,Client_1005,Bills Payment,success,9055.13
TXN-004014,2026-04-17,Client_1009,Bills Payment,success,1711.07
TXN-004015,2026-01-31,Client_1004,Retail,success,1594.38
TXN-004016,2026-01-15,Client_1009,Subscription,success,9207.51
TXN-004017,2026-01-21,Client_1010,Bills Payment,refunded,5219.1
TXN-004018,2026-03-07,Client_1001,Retail,success,2199.7
TXN-004019,2026-01-19,Client_1002,E-commerce,success,247.54
TXN-004020,2026-01-30,Client_1003,E-commerce,success,6947.48
TXN-004021,2026-02-19,Client_1008,Subscription,success,548.57
TXN-004022,2026-01-04,Client_1009,Retail,success,5625.27
TXN-004023,2026-04-13,Client_1008,Subscription,success,5522.64
TXN-004024,2026-04-15,Client_1005,Bills Payment,success,7988.91
TXN-004025,2026-02-06,Client_1001,Bills Payment,failed,2964.69
TXN-004026,2026-02-10,Client_1004,E-commerce,success,7575.66
TXN-004027,2026-04-11,Client_1008,Bank Transfer,success,7535.64
TXN-004028,2026-04-20,Client_1009,Bills Payment,success,3162.37
TXN-004029,2026-04-21,Client_1010,Bank Transfer,success,7922.04
TXN-004030,2026-01-05,Client_1001,Bills Payment,success,9946.39
TXN-004031,2026-02-28,Client_1007,Bills Payment,success,8191.96
TXN-004032,2026-02-05,Client_1006,Retail,success,8357.5
TXN-004033,2026-02-12,Client_1001,E-commerce,success,9727.2
TXN-004034,2026-03-27,Client_1007,Subscription,success,830.87
TXN-004035,2026-04-26,Client_1007,Bank Transfer,success,956.76
TXN-004036,2026-01-12,Client_1004,Bank Transfer,success,4525.51
TXN-004037,2026-02-11,Client_1002,Subscription,success,9231.71
TXN-004038,2026-03-17,Client_1005,Retail,success,5275.65
TXN-004039,2026-01-02,Client_1006,Retail,success,4355.98
TXN-004040,2026-03-12,Client_1004,Bank Transfer,success,3841.41
TXN-004041,2026-04-03,Client_1010,Retail,success,1677.13
TXN-004042,2026-03-19,Client_1008,E-commerce,success,5445.36
TXN-004043,2026-03-13,Client_1009,Retail,failed,5700.95
TXN-004044,2026-03-02,Client_1009,Subscription,success,819.21
TXN-004045,2026-01-04,Client_1006,Retail,success,3693.91
TXN-004046,2026-04-19,Client_1002,Retail,success,3832.84
TXN-004047,2026-03-30,Client_1010,Bills Payment,success,9438.35
TXN-004048,2026-01-17,Client_1007,Bank Transfer,success,9637.58
TXN-004049,2026-03-08,Client_1010,Retail,success,1949.04
TXN-004050,2026-01-02,Client_1005,E-commerce,success,157.86
TXN-004051,2026-04-25,Client_1010,Bank Transfer,failed,9413.38
TXN-004052,2026-04-11,Client_1008,Bank Transfer,success,3212.11
TXN-004053,2026-01-16,Client_1008,Subscription,success,7090.06
TXN-004054,2026-03-27,Client_1003,Subscription,success,6061.02
TXN-004055,2026-04-11,Client_1002,E-commerce,success,7992.62
TXN-004056,2026-03-24,Client_1009,Bills Payment,success,6124.66
TXN-004057,2026-03-17,Client_1007,Bills Payment,success,1852.56
TXN-004058,2026-01-19,Client_1010,Subscription,success,5917.59
TXN-004059,2026-02-27,Client_1001,Bank Transfer,success,3727.77
TXN-004060,2026-04-28,Client_1003,E-commerce,success,3531.45
TXN-004061,2026-02-07,Client_1006,Subscription,success,549.18
TXN-004062,2026-02-25,Client_1009,Bills Payment,success,5821.98
TXN-004063,2026-01-17,Client_1006,Subscription,success,7132.04
TXN-004064,2026-01-03,Client_1001,E-commerce,success,2273.62
TXN-004065,2026-04-01,Client_1006,Subscription,success,623.13
TXN-004066,2026-01-22,Client_1004,Bills Payment,success,8658.72
TXN-004067,2026-01-23,Client_1009,Bills Payment,failed,6149.16
TXN-004068,2026-04-24,Client_1005,E-commerce,success,4906.2
TXN-004069,2026-03-25,Client_1009,Bills Payment,success,2691.99
TXN-004070,2026-02-27,Client_1004,E-commerce,success,4254.88
TXN-004071,2026-02-19,Client_1009,Bank Transfer,success,752.52
TXN-004072,2026-04-11,Client_1006,Retail,success,7555.28
TXN-004073,2026-01-08,Client_1002,E-commerce,success,9749.77
TXN-004074,2026-03-20,Client_1003,Subscription,failed,1181.15
TXN-004075,2026-04-15,Client_1002,Bank Transfer,success,900.62
TXN-004076,2026-04-23,Client_1001,Bank Transfer,success,8187.71
TXN-004077,2026-04-12,Client_1008,E-commerce,success,1448.03
TXN-004078,2026-01-06,Client_1001,Subscription,success,4358.86
TXN-004079,2026-02-10,Client_1001,E-commerce,failed,2638.61
TXN-004080,2026-03-31,Client_1002,Retail,success,3191.36
TXN-004081,2026-04-02,Client_1006,Bank Transfer,success,6494.01
TXN-004082,2026-04-13,Client_1010,Retail,success,5971.67
TXN-004083,2026-03-15,Client_1004,Subscription,success,5992.26
TXN-004084,2026-02-05,Client_1008,E-commerce,success,7353.75
TXN-004085,2026-03-21,Client_1009,Bills Payment,refunded,2101.63
TXN-004086,2026-02-09,Client_1009,E-commerce,success,7728.07
TXN-004087,2026-04-10,Client_1002,E-commerce,success,549.5
TXN-004088,2026-02-15,Client_1009,Retail,success,6877.56
TXN-004089,2026-01-09,Client_1008,Bank Transfer,success,8828.32
TXN-004090,2026-04-12,Client_1006,Subscription,success,7663.01
TXN-004091,2026-04-16,Client_1004,Bank Transfer,success,1598.7
TXN-004092,2026-03-09,Client_1001,Subscription,success,9792.23
TXN-004093,2026-02-25,Client_1001,Subscription,success,5924.03
TXN-004094,2026-01-29,Client_1005,Bank Transfer,failed,5083.46
TXN-004095,2026-03-12,Client_1005,Bills Payment,success,2355.73
TXN-004096,2026-04-28,Client_1005,Subscription,failed,5447.9
TXN-004097,2026-02-12,Client_1006,E-commerce,success,4498.9
TXN-004098,2026-02-05,Client_1001,Subscription,success,6236.76
TXN-004099,2026-02-15,Client_1002,Bank Transfer,refunded,1678.61
TXN-004100,2026-03-14,Client_1003,E-commerce,success,5454.34
TXN-004101,2026-02-12,Client_1006,E-commerce,success,6326.55
TXN-004102,2026-02-09,Client_1001,Retail,success,2412.35
TXN-004103,2026-01-11,Client_1002,Subscription,success,9419.9
TXN-004104,2026-01-13,Client_1010,E-commerce,success,8073.87
TXN-004105,2026-04-01,Client_1008,Subscription,success,7056.7
TXN-004106,2026-01-22,Client_1001,Subscription,success,3772.4
TXN-004107,2026-01-30,Client_1006,Bank Transfer,success,923.26
TXN-004108,2026-01-23,Client_1001,E-commerce,success,1904.18
TXN-004109,2026-04-26,Client_1006,Retail,success,9623.59
TXN-004110,2026-01-02,Client_1003,Subscription,success,7026.4
TXN-004111,2026-01-07,Client_1002,Bank Transfer,success,2224.53
TXN-004112,2026-04-03,Client_1003,Bank Transfer,refunded,6581.3
TXN-004113,2026-03-29,Client_1010,Bank Transfer,success,8916.91
TXN-004114,2026-02-13,Client_1001,Subscription,success,9563.03
TXN-004115,2026-03-05,Client_1002,Subscription,success,8460.8
TXN-004116,2026-03-01,Client_1010,Retail,success,3603.27
TXN-004117,2026-04-06,Client_1010,Bank Transfer,success,9143.21
TXN-004118,2026-03-27,Client_1002,E-commerce,success,3987.44
TXN-004119,2026-03-28,Client_1010,Bills Payment,refunded,7751.33
TXN-004120,2026-01-02,Client_1004,Retail,success,2846.6
TXN-004121,2026-01-17,Client_1001,Bills Payment,success,5114.17
TXN-004122,2026-03-31,Client_1005,E-commerce,success,3068.93
TXN-004123,2026-03-20,Client_1002,Bills Payment,refunded,3434.43
TXN-004124,2026-03-20,Client_1010,Bills Payment,failed,3655.82
TXN-004125,2026-04-08,Client_1004,Bank Transfer,success,3470.63
TXN-004126,2026-01-06,Client_1006,Subscription,success,687.32
TXN-004127,2026-03-04,Client_1010,Retail,success,290.29
TXN-004128,2026-03-15,Client_1007,Retail,success,5512.68
TXN-004129,2026-04-02,Client_1008,Subscription,success,7805.11
TXN-004130,2026-04-25,Client_1004,Subscription,success,6974.44
TXN-004131,2026-01-17,Client_1004,Bills Payment,success,2960.86
TXN-004132,2026-03-16,Client_1006,Bills Payment,success,3987.04
TXN-004133,2026-02-28,Client_1007,Bills Payment,success,179.69
TXN-004134,2026-01-21,Client_1006,E-commerce,success,2203.91
TXN-004135,2026-02-18,Client_1006,Bank Transfer,success,3972.51
TXN-004136,2026-02-06,Client_1002,Subscription,success,1919.33
TXN-004137,2026-01-08,Client_1003,Retail,success,1579.57
TXN-004138,2026-04-12,Client_1004,Bank Transfer,success,1042.96
TXN-004139,2026-01-02,Client_1001,Retail,success,8960.8
TXN-004140,2026-02-23,Client_1001,Bank Transfer,success,6408.35
TXN-004141,2026-03-11,Client_1009,Subscription,success,2505.46
TXN-004142,2026-01-20,Client_1002,E-commerce,success,4496.31
TXN-004143,2026-04-12,Client_1003,Retail,failed,2887.74
TXN-004144,2026-03-28,Client_1006,Subscription,success,8776.93
TXN-004145,2026-03-14,Client_1009,Retail,success,8586.38
TXN-004146,2026-04-21,Client_1003,E-commerce,success,7395.77
TXN-004147,2026-04-09,Client_1007,Bank Transfer,success,559.62
TXN-004148,2026-04-18,Client_1004,Subscription,success,8834.82
TXN-004149,2026-04-13,Client_1001,Bills Payment,success,3601.86
TXN-004150,2026-01-24,Client_1002,Bank Transfer,success,4687.34
TXN-004151,2026-01-04,Client_1010,Bills Payment,success,4504.68
TXN-004152,2026-01-12,Client_1006,Bills Payment,success,7544.15
TXN-004153,2026-01-01,Client_1003,Bills Payment,success,9578.61
TXN-004154,2026-01-13,Client_1010,Bills Payment,success,9078.35
TXN-004155,2026-03-09,Client_1002,Retail,success,4939.45
TXN-004156,2026-01-01,Client_1006,Retail,success,1153.52
TXN-004157,2026-01-15,Client_1009,Subscription,success,3777.14
TXN-004158,2026-03-12,Client_1009,E-commerce,success,8819.17
TXN-004159,2026-03-14,Client_1008,Subscription,success,6938.25
TXN-004160,2026-02-18,Client_1009,Retail,success,598.4
TXN-004161,2026-04-09,Client_1006,Bills Payment,success,7679.32
TXN-004162,2026-03-31,Client_1010,Bills Payment,success,9792.99
TXN-004163,2026-03-19,Client_1003,Retail,failed,4847.96
TXN-004164,2026-01-23,Client_1009,Bank Transfer,success,8832.47
TXN-004165,2026-04-21,Client_1001,E-commerce,refunded,1467.21
TXN-004166,2026-04-03,Client_1008,Bills Payment,success,1858.56
TXN-004167,2026-01-28,Client_1010,Bank Transfer,success,6290.19
TXN-004168,2026-04-18,Client_1004,Bills Payment,success,1639.32
TXN-004169,2026-02-02,Client_1002,Bank Transfer,success,9875.29
TXN-004170,2026-03-25,Client_1004,Bills Payment,failed,8616.52
TXN-004171,2026-04-06,Client_1002,E-commerce,success,9539.51
TXN-004172,2026-02-16,Client_1010,Retail,success,7040.9
TXN-004173,2026-03-28,Client_1003,E-commerce,success,6377.03
TXN-004174,2026-01-07,Client_1005,Bills Payment,success,1398.89
TXN-004175,2026-04-02,Client_1008,Subscription,success,9310.64
TXN-004176,2026-03-31,Client_1002,Bills Payment,success,2020.24
TXN-004177,2026-04-26,Client_1003,Retail,success,3421.1
TXN-004178,2026-01-07,Client_1007,Bank Transfer,success,128.57
TXN-004179,2026-04-16,Client_1001,Bank Transfer,success,5989.22
TXN-004180,2026-04-30,Client_1008,Subscription,success,4039.05
TXN-004181,2026-03-16,Client_1002,Retail,success,1406.99
TXN-004182,2026-01-10,Client_1001,Bills Payment,refunded,987.62
TXN-004183,2026-03-29,Client_1002,Subscription,success,8665.37
TXN-004184,2026-01-06,Client_1003,Retail,success,5355.77
TXN-004185,2026-01-16,Client_1001,Bank Transfer,success,9657.07
TXN-004186,2026-03-11,Client_1005,E-commerce,success,3979.63
TXN-004187,2026-01-20,Client_1010,E-commerce,success,2109.94
TXN-004188,2026-01-16,Client_1007,Subscription,success,653.18
TXN-004189,2026-02-21,Client_1009,Bank Transfer,refunded,4235.07
TXN-004190,2026-04-27,Client_1007,Subscription,failed,8782.43
TXN-004191,2026-01-06,Client_1007,Bills Payment,success,9305.63
TXN-004192,2026-01-11,Client_1010,Retail,success,3684.3
TXN-004193,2026-01-08,Client_1005,Retail,success,7654.36
TXN-004194,2026-02-02,Client_1005,E-commerce,success,4371.7
TXN-004195,2026-01-26,Client_1005,Retail,success,7201.07
TXN-004196,2026-03-14,Client_1007,Bank Transfer,success,6507.51
TXN-004197,2026-02-18,Client_1003,Subscription,success,8480.44
TXN-004198,2026-02-19,Client_1003,Subscription,failed,1262.96
TXN-004199,2026-02-07,Client_1003,Bank Transfer,success,4168.26
TXN-004200,2026-01-18,Client_1006,Retail,success,2738.9
TXN-004201,2026-01-20,Client_1002,Retail,success,6398.7
TXN-004202,2026-01-06,Client_1009,Subscription,failed,5981.77
TXN-004203,2026-03-29,Client_1010,E-commerce,success,9310.02
TXN-004204,2026-01-19,Client_1004,Bank Transfer,failed,7141.04
TXN-004205,2026-03-26,Client_1010,Retail,success,2710.33
TXN-004206,2026-01-26,Client_1009,Bank Transfer,success,8884.88
TXN-004207,2026-04-03,Client_1005,Subscription,refunded,1947.92
TXN-004208,2026-02-16,Client_1001,Bank Transfer,success,2326.64
TXN-004209,2026-02-03,Client_1004,E-commerce,success,2484.77
TXN-004210,2026-01-11,Client_1006,Retail,success,377.1
TXN-004211,2026-04-03,Client_1005,Bank Transfer,success,7805.78
TXN-004212,2026-02-19,Client_1010,Bank Transfer,success,7981.05
TXN-004213,2026-02-21,Client_1010,Bank Transfer,success,9433.14
TXN-004214,2026-04-28,Client_1006,Bills Payment,success,2475.3
TXN-004215,2026-02-17,Client_1010,Subscription,refunded,2781.46
TXN-004216,2026-02-19,Client_1010,Retail,success,8088.24
TXN-004217,2026-02-25,Client_1004,Bank Transfer,success,1853.12
TXN-004218,2026-02-06,Client_1006,E-commerce,success,9091.76
TXN-004219,2026-03-15,Client_1006,Retail,failed,3132.86
TXN-004220,2026-01-12,Client_1006,Bills Payment,success,5999.85
TXN-004221,2026-02-11,Client_1006,Retail,success,3090.66
TXN-004222,2026-02-27,Client_1003,E-commerce,success,2471.34
TXN-004223,2026-02-28,Client_1005,Bills Payment,success,7791.5
TXN-004224,2026-03-17,Client_1002,Bank Transfer,success,1313.14
TXN-004225,2026-04-15,Client_1005,E-commerce,refunded,9541.2
TXN-004226,2026-03-25,Client_1009,Retail,success,7947.12
TXN-004227,2026-01-21,Client_1007,E-commerce,success,3235.68
TXN-004228,2026-02-09,Client_1004,E-commerce,success,4185.23
TXN-004229,2026-03-26,Client_1008,Bills Payment,success,9083.86
TXN-004230,2026-04-26,Client_1001,E-commerce,success,6893.96
TXN-004231,2026-01-16,Client_1008,Retail,success,9205.55
TXN-004232,2026-01-19,Client_1002,E-commerce,success,5534.93
TXN-004233,2026-01-12,Client_1009,Bank Transfer,success,2170.24
TXN-004234,2026-04-15,Client_1005,Bills Payment,success,9067.85
TXN-004235,2026-04-13,Client_1008,Bank Transfer,success,6834.74
TXN-004236,2026-04-24,Client_1008,E-commerce,success,2020.56
TXN-004237,2026-01-21,Client_1001,Retail,success,3480.23
TXN-004238,2026-04-05,Client_1003,Bills Payment,failed,4681.71
TXN-004239,2026-01-17,Client_1010,Subscription,success,3306.75
TXN-004240,2026-01-25,Client_1004,Subscription,success,2858.71
TXN-004241,2026-01-08,Client_1001,Bank Transfer,success,8155.35
TXN-004242,2026-04-30,Client_1009,E-commerce,success,9366.9
TXN-004243,2026-02-11,Client_1009,E-commerce,success,9215.67
TXN-004244,2026-03-03,Client_1003,Bills Payment,success,1944.45
TXN-004245,2026-03-01,Client_1004,E-commerce,success,6081.73
TXN-004246,2026-01-30,Client_1010,E-commerce,success,2254.41
TXN-004247,2026-02-20,Client_1009,E-commerce,success,1728.34
TXN-004248,2026-01-05,Client_1004,E-commerce,success,6262.1
TXN-004249,2026-02-14,Client_1003,Retail,success,1842.5
TXN-004250,2026-04-03,Client_1001,Retail,success,5798.57
TXN-004251,2026-03-22,Client_1008,Bills Payment,success,7219.45
TXN-004252,2026-03-20,Client_1006,Bills Payment,failed,1568.75
TXN-004253,2026-01-20,Client_1008,Bills Payment,success,1982.03
TXN-004254,2026-03-08,Client_1010,Retail,success,2944.56
TXN-004255,2026-04-20,Client_1008,Bills Payment,success,2332.47
TXN-004256,2026-01-30,Client_1007,Subscription,success,3565.08
TXN-004257,2026-01-05,Client_1008,Subscription,success,584.65
TXN-004258,2026-02-28,Client_1001,Retail,success,6110.63
TXN-004259,2026-04-11,Client_1002,Retail,success,8314.67
TXN-004260,2026-01-26,Client_1007,E-commerce,success,4964.78
TXN-004261,2026-01-20,Client_1007,E-commerce,success,8468.69
TXN-004262,2026-04-16,Client_1009,Bills Payment,failed,5626.93
TXN-004263,2026-03-13,Client_1003,E-commerce,refunded,4980.65
TXN-004264,2026-04-12,Client_1007,Bank Transfer,success,2656.88
TXN-004265,2026-02-21,Client_1008,Bills Payment,success,7562.14
TXN-004266,2026-01-17,Client_1003,Bills Payment,refunded,9645.31
TXN-004267,2026-03-30,Client_1003,Bills Payment,failed,9204.46
TXN-004268,2026-03-07,Client_1001,E-commerce,success,2991.17
TXN-004269,2026-01-20,Client_1006,Retail,refunded,8594.84
TXN-004270,2026-03-14,Client_1003,Bills Payment,success,9587.71
TXN-004271,2026-02-21,Client_1001,Subscription,success,8895.44
TXN-004272,2026-02-13,Client_1004,Bank Transfer,success,9012.16
TXN-004273,2026-02-01,Client_1008,Bills Payment,success,6512.77
TXN-004274,2026-03-10,Client_1001,Bank Transfer,success,7950.53
TXN-004275,2026-02-05,Client_1002,Bills Payment,success,6723.12
TXN-004276,2026-01-30,Client_1009,Bank Transfer,success,6566.69
TXN-004277,2026-02-11,Client_1003,E-commerce,failed,810.2
TXN-004278,2026-04-10,Client_1007,Bills Payment,success,667.59
TXN-004279,2026-04-11,Client_1005,Subscription,success,8298.9
TXN-004280,2026-03-02,Client_1006,Subscription,success,7331.93
TXN-004281,2026-04-12,Client_1008,E-commerce,success,2589.13
TXN-004282,2026-01-10,Client_1003,E-commerce,success,4338.38
TXN-004283,2026-04-03,Client_1005,E-commerce,success,7687.63
TXN-004284,2026-03-28,Client_1006,Bank Transfer,success,267.38
TXN-004285,2026-04-30,Client_1002,Retail,success,5965.01
TXN-004286,2026-01-28,Client_1010,Bank Transfer,success,5016.85
TXN-004287,2026-04-14,Client_1003,E-commerce,success,105.23
TXN-004288,2026-01-18,Client_1001,Bank Transfer,success,9766.3
TXN-004289,2026-03-27,Client_1001,E-commerce,success,6555.09
TXN-004290,2026-01-13,Client_1003,E-commerce,success,825.59
TXN-004291,2026-01-26,Client_1010,Bills Payment,success,4356.97
TXN-004292,2026-03-21,Client_1007,Subscription,success,6507.94
TXN-004293,2026-02-21,Client_1001,Retail,failed,4798.21
TXN-004294,2026-01-10,Client_1003,Subscription,success,4890.34
TXN-004295,2026-01-11,Client_1010,Bills Payment,success,6555.14
TXN-004296,2026-03-28,Client_1001,Subscription,failed,6984.98
TXN-004297,2026-03-09,Client_1009,Retail,success,5492.5
TXN-004298,2026-02-15,Client_1004,Bills Payment,failed,6880.88
TXN-004299,2026-04-26,Client_1005,Bills Payment,success,1007.79
TXN-004300,2026-04-09,Client_1007,Bank Transfer,success,405.68
TXN-004301,2026-03-07,Client_1010,Bank Transfer,success,1334.42
TXN-004302,2026-01-06,Client_1003,E-commerce,success,3584.53
TXN-004303,2026-01-04,Client_1006,Subscription,success,2795.65
TXN-004304,2026-02-06,Client_1010,Subscription,success,2912.51
TXN-004305,2026-01-01,Client_1001,E-commerce,success,9684.88
TXN-004306,2026-03-01,Client_1007,Bank Transfer,success,6687.27
TXN-004307,2026-02-25,Client_1008,Subscription,success,4533.48
TXN-004308,2026-02-27,Client_1005,E-commerce,success,2092.93
TXN-004309,2026-04-24,Client_1006,Subscription,success,434.37
TXN-004310,2026-04-20,Client_1006,E-commerce,success,2518.21
TXN-004311,2026-02-10,Client_1004,Subscription,success,5929.75
TXN-004312,2026-02-19,Client_1005,Retail,success,1946.07
TXN-004313,2026-03-01,Client_1008,E-commerce,success,6386.4
TXN-004314,2026-03-25,Client_1006,Bills Payment,success,3863.55
TXN-004315,2026-02-11,Client_1004,E-commerce,success,5976.29
TXN-004316,2026-04-03,Client_1001,Bills Payment,success,1190.21
TXN-004317,2026-03-09,Client_1003,Subscription,success,2143.06
TXN-004318,2026-02-08,Client_1004,E-commerce,success,6179.41
TXN-004319,2026-04-28,Client_1009,Retail,success,8420.91
TXN-004320,2026-04-08,Client_1006,Retail,success,9233.77
TXN-004321,2026-02-22,Client_1007,Bills Payment,success,3371.04
TXN-004322,2026-02-03,Client_1005,Bills Payment,success,2648.24
TXN-004323,2026-01-10,Client_1005,Retail,success,5736.92
TXN-004324,2026-03-19,Client_1010,Bills Payment,success,2500.33
TXN-004325,2026-04-01,Client_1005,Bank Transfer,success,2922.38
TXN-004326,2026-03-15,Client_1005,Subscription,success,5305.66
TXN-004327,2026-03-28,Client_1009,Bills Payment,success,572.67
TXN-004328,2026-02-12,Client_1009,Subscription,success,7257.21
TXN-004329,2026-04-03,Client_1004,Retail,success,5378.47
TXN-004330,2026-04-09,Client_1009,Retail,success,2769.13
TXN-004331,2026-02-01,Client_1003,E-commerce,refunded,9977.29
TXN-004332,2026-04-08,Client_1010,Subscription,success,6943.59
TXN-004333,2026-01-15,Client_1008,E-commerce,success,3083.45
TXN-004334,2026-04-20,Client_1009,Bank Transfer,success,6339.94
TXN-004335,2026-04-11,Client_1007,Bank Transfer,success,8023.49
TXN-004336,2026-01-17,Client_1003,E-commerce,success,524.82
TXN-004337,2026-02-05,Client_1010,Subscription,success,3876.86
TXN-004338,2026-01-09,Client_1003,Retail,success,640.62
TXN-004339,2026-01-04,Client_1003,Bank Transfer,success,7809.97
TXN-004340,2026-01-27,Client_1008,Bank Transfer,success,8656.76
TXN-004341,2026-03-09,Client_1010,Subscription,success,5865.27
TXN-004342,2026-03-22,Client_1008,E-commerce,success,4359.42
TXN-004343,2026-04-14,Client_1002,Retail,success,9449.38
TXN-004344,2026-02-03,Client_1006,Retail,success,2667.81
TXN-004345,2026-02-11,Client_1007,Subscription,success,817.54
TXN-004346,2026-04-30,Client_1009,Retail,success,8861.68
TXN-004347,2026-02-07,Client_1003,Bills Payment,success,1659.96
TXN-004348,2026-03-27,Client_1003,E-commerce,success,2029.54
TXN-004349,2026-02-28,Client_1005,Bills Payment,success,2158.33
TXN-004350,2026-01-14,Client_1001,Bank Transfer,success,4562.55
TXN-004351,2026-03-16,Client_1007,Retail,success,6780.49
TXN-004352,2026-03-26,Client_1007,Retail,success,423.43
TXN-004353,2026-04-12,Client_1006,Bills Payment,success,2877.74
TXN-004354,2026-04-07,Client_1010,E-commerce,success,8066.7
TXN-004355,2026-01-12,Client_1008,Subscription,failed,737.67
TXN-004356,2026-02-03,Client_1004,E-commerce,success,8430.58
TXN-004357,2026-01-08,Client_1003,Bills Payment,success,7934.61
TXN-004358,2026-02-16,Client_1001,Bills Payment,success,5634.94
TXN-004359,2026-02-05,Client_1007,Subscription,success,4539.71
TXN-004360,2026-02-13,Client_1003,Bills Payment,success,5251.11
TXN-004361,2026-01-20,Client_1010,Bills Payment,success,260.79
TXN-004362,2026-02-12,Client_1007,Retail,refunded,2233.71
TXN-004363,2026-04-23,Client_1001,Bills Payment,success,2052.96
TXN-004364,2026-02-22,Client_1008,Subscription,success,6953.35
TXN-004365,2026-03-27,Client_1007,Subscription,success,8176.27
TXN-004366,2026-02-26,Client_1007,Bills Payment,success,6135.76
TXN-004367,2026-02-14,Client_1006,Bills Payment,failed,660.99
TXN-004368,2026-02-05,Client_1006,Bills Payment,success,9421.47
TXN-004369,2026-01-23,Client_1004,Retail,success,2657.32
TXN-004370,2026-03-04,Client_1003,Bills Payment,success,2781.45
TXN-004371,2026-04-28,Client_1003,E-commerce,success,3030.45
TXN-004372,2026-01-09,Client_1010,E-commerce,success,7205.22
TXN-004373,2026-01-21,Client_1003,Bank Transfer,success,3795.67
TXN-004374,2026-02-26,Client_1007,Bank Transfer,success,5510.0
TXN-004375,2026-04-04,Client_1002,Subscription,success,6940.74
TXN-004376,2026-02-11,Client_1005,Subscription,success,7887.93
TXN-004377,2026-03-18,Client_1003,Bank Transfer,success,3661.63
TXN-004378,2026-03-11,Client_1004,Retail,success,4462.99
TXN-004379,2026-04-11,Client_1008,Bills Payment,success,8734.88
TXN-004380,2026-01-09,Client_1003,Bills Payment,success,497.02
TXN-004381,2026-03-16,Client_1006,Subscription,success,5384.39
TXN-004382,2026-04-02,Client_1005,Retail,success,1559.59
TXN-004383,2026-02-01,Client_1008,Bills Payment,success,4568.56
TXN-004384,2026-04-09,Client_1002,Bills Payment,success,936.91
TXN-004385,2026-01-07,Client_1002,Retail,success,5183.78
TXN-004386,2026-01-31,Client_1006,Retail,success,9190.31
TXN-004387,2026-03-20,Client_1001,E-commerce,success,589.89
TXN-004388,2026-04-16,Client_1008,Bank Transfer,success,7999.58
TXN-004389,2026-04-30,Client_1004,Retail,success,1125.33
TXN-004390,2026-03-21,Client_1010,Bank Transfer,success,1864.21
TXN-004391,2026-02-10,Client_1002,Subscription,success,1837.48
TXN-004392,2026-04-26,Client_1008,Subscription,success,2572.76
TXN-004393,2026-03-13,Client_1008,Bills Payment,success,3671.09
TXN-004394,2026-02-07,Client_1003,Bills Payment,success,1843.86
TXN-004395,2026-03-28,Client_1006,Bank Transfer,success,6495.88
TXN-004396,2026-04-19,Client_1004,Bills Payment,success,114.93
TXN-004397,2026-03-11,Client_1004,Bills Payment,refunded,3014.83
TXN-004398,2026-02-26,Client_1001,Bank Transfer,success,5233.79
TXN-004399,2026-03-07,Client_1010,Retail,failed,216.26
TXN-004400,2026-03-01,Client_1001,Bills Payment,success,3804.49
TXN-004401,2026-03-29,Client_1007,Retail,success,806.58
TXN-004402,2026-04-09,Client_1006,Bills Payment,success,4537.13
TXN-004403,2026-02-02,Client_1010,Bills Payment,success,6383.14
TXN-004404,2026-01-27,Client_1003,Retail,success,4199.74
TXN-004405,2026-02-04,Client_1003,Subscription,failed,4794.24
TXN-004406,2026-04-12,Client_1003,Bills Payment,failed,5715.66
TXN-004407,2026-01-03,Client_1007,E-commerce,failed,3557.97
TXN-004408,2026-01-11,Client_1003,Retail,success,6575.79
TXN-004409,2026-03-15,Client_1003,Bills Payment,success,1258.55
TXN-004410,2026-02-11,Client_1007,Bills Payment,success,5954.98
TXN-004411,2026-02-10,Client_1010,Subscription,success,2519.2
TXN-004412,2026-03-27,Client_1003,Subscription,success,6261.99
TXN-004413,2026-02-07,Client_1003,E-commerce,success,852.38
TXN-004414,2026-03-26,Client_1005,Retail,success,6498.44
TXN-004415,2026-03-12,Client_1006,E-commerce,success,7266.13
TXN-004416,2026-01-29,Client_1009,E-commerce,success,5781.58
TXN-004417,2026-04-20,Client_1004,Bills Payment,success,6459.43
TXN-004418,2026-01-23,Client_1003,E-commerce,failed,1811.67
TXN-004419,2026-01-10,Client_1006,Bank Transfer,success,9125.8
TXN-004420,2026-01-15,Client_1006,Retail,success,4410.86
TXN-004421,2026-02-23,Client_1009,Subscription,refunded,3049.75
TXN-004422,2026-01-02,Client_1002,Retail,success,3334.49
TXN-004423,2026-03-13,Client_1009,E-commerce,success,9889.34
TXN-004424,2026-04-07,Client_1003,E-commerce,success,3943.84
TXN-004425,2026-03-14,Client_1009,Subscription,success,5291.73
TXN-004426,2026-02-01,Client_1006,Retail,success,7393.81
TXN-004427,2026-02-19,Client_1007,Bank Transfer,failed,4053.03
TXN-004428,2026-02-09,Client_1002,Retail,success,1380.08
TXN-004429,2026-02-07,Client_1003,E-commerce,success,7177.1
TXN-004430,2026-02-25,Client_1003,Bills Payment,success,1911.92
TXN-004431,2026-02-09,Client_1002,E-commerce,success,6156.17
TXN-004432,2026-03-10,Client_1004,E-commerce,success,4907.42
TXN-004433,2026-03-07,Client_1010,E-commerce,success,8640.74
TXN-004434,2026-02-27,Client_1003,Subscription,success,5981.21
TXN-004435,2026-03-20,Client_1005,Retail,success,1055.7
TXN-004436,2026-01-21,Client_1009,Bills Payment,success,5540.57
TXN-004437,2026-01-08,Client_1004,Subscription,success,307.27
TXN-004438,2026-03-30,Client_1003,E-commerce,success,3543.57
TXN-004439,2026-01-26,Client_1003,Retail,success,5485.32
TXN-004440,2026-01-25,Client_1002,E-commerce,success,559.49
TXN-004441,2026-04-14,Client_1003,Bank Transfer,success,5341.66
TXN-004442,2026-01-31,Client_1009,E-commerce,failed,5576.19
TXN-004443,2026-01-21,Client_1007,Retail,success,7805.7
TXN-004444,2026-04-09,Client_1010,E-commerce,success,4041.27
TXN-004445,2026-03-31,Client_1007,Bills Payment,success,7587.24
TXN-004446,2026-04-30,Client_1004,Bills Payment,success,5602.52
TXN-004447,2026-04-24,Client_1004,Retail,success,3915.11
TXN-004448,2026-04-12,Client_1004,Bills Payment,success,4134.34
TXN-004449,2026-04-06,Client_1002,Retail,success,1229.04
TXN-004450,2026-03-22,Client_1009,Subscription,success,4603.27
TXN-004451,2026-02-01,Client_1007,Retail,success,7792.02
TXN-004452,2026-01-01,Client_1002,Bills Payment,success,5107.83
TXN-004453,2026-01-21,Client_1004,Bills Payment,success,1608.31
TXN-004454,2026-03-28,Client_1009,Retail,success,2315.68
TXN-004455,2026-04-25,Client_1003,Subscription,success,7310.4
TXN-004456,2026-01-09,Client_1009,Subscription,success,9385.17
TXN-004457,2026-04-05,Client_1001,Subscription,failed,4874.56
TXN-004458,2026-02-19,Client_1002,E-commerce,success,6328.58
TXN-004459,2026-02-17,Client_1010,Bills Payment,success,8998.65
TXN-004460,2026-03-10,Client_1009,E-commerce,success,8150.86
TXN-004461,2026-02-01,Client_1002,Retail,success,6106.32
TXN-004462,2026-02-22,Client_1002,Subscription,failed,6978.46
TXN-004463,2026-02-15,Client_1010,Subscription,success,5379.09
TXN-004464,2026-02-01,Client_1009,Bank Transfer,success,5025.04
TXN-004465,2026-04-05,Client_1001,Bills Payment,success,3831.02
TXN-004466,2026-03-31,Client_1007,Retail,success,1791.07
TXN-004467,2026-04-22,Client_1006,Retail,success,1469.82
TXN-004468,2026-02-27,Client_1004,Bank Transfer,success,5972.45
TXN-004469,2026-04-25,Client_1003,Bank Transfer,success,6063.21
TXN-004470,2026-03-27,Client_1007,E-commerce,success,7407.92
TXN-004471,2026-04-24,Client_1003,Retail,success,322.5
TXN-004472,2026-02-04,Client_1008,Bills Payment,success,4178.86
TXN-004473,2026-03-17,Client_1005,E-commerce,success,5783.53
TXN-004474,2026-02-20,Client_1008,E-commerce,success,5577.13
TXN-004475,2026-03-18,Client_1008,Bank Transfer,success,5030.5
TXN-004476,2026-03-13,Client_1006,Retail,success,2913.84
TXN-004477,2026-02-05,Client_1002,Retail,success,6121.8
TXN-004478,2026-03-06,Client_1005,E-commerce,success,2501.07
TXN-004479,2026-04-18,Client_1008,Retail,failed,3499.29
TXN-004480,2026-02-21,Client_1010,Retail,success,1157.5
TXN-004481,2026-02-18,Client_1005,Retail,success,2725.69
TXN-004482,2026-02-10,Client_1001,Retail,success,6436.1
TXN-004483,2026-04-14,Client_1007,E-commerce,success,1791.92
TXN-004484,2026-04-17,Client_1001,Bills Payment,success,9615.68
TXN-004485,2026-01-06,Client_1007,Subscription,success,6058.11
TXN-004486,2026-01-08,Client_1001,Retail,success,5392.95
TXN-004487,2026-02-02,Client_1006,Retail,success,2292.25
TXN-004488,2026-03-13,Client_1009,Retail,success,8761.85
TXN-004489,2026-04-13,Client_1001,Bank Transfer,success,6700.9
TXN-004490,2026-03-11,Client_1009,Bills Payment,success,7395.24
TXN-004491,2026-02-03,Client_1002,Retail,success,9844.06
TXN-004492,2026-01-31,Client_1001,Bills Payment,failed,4526.07
TXN-004493,2026-02-17,Client_1001,E-commerce,success,554.65
TXN-004494,2026-02-14,Client_1007,Subscription,success,8897.18
TXN-004495,2026-04-10,Client_1010,Bank Transfer,success,271.15
TXN-004496,2026-02-15,Client_1007,Bank Transfer,success,2684.49
TXN-004497,2026-03-14,Client_1004,Subscription,refunded,6683.17
TXN-004498,2026-04-25,Client_1005,Subscription,success,612.68
TXN-004499,2026-04-08,Client_1008,E-commerce,success,5355.11
TXN-004500,2026-01-21,Client_1007,E-commerce,success,6347.13
TXN-004501,2026-01-27,Client_1007,Bank Transfer,failed,1316.46
TXN-004502,2026-01-30,Client_1005,Bank Transfer,success,9692.4
TXN-004503,2026-01-17,Client_1010,Retail,failed,3994.61
TXN-004504,2026-02-05,Client_1006,Subscription,success,9298.34
TXN-004505,2026-04-15,Client_1006,Bills Payment,success,482.33
TXN-004506,2026-01-19,Client_1003,E-commerce,success,3507.51
TXN-004507,2026-03-18,Client_1007,Subscription,success,9331.15
TXN-004508,2026-04-09,Client_1003,Bills Payment,failed,1889.92
TXN-004509,2026-03-19,Client_1001,Bank Transfer,success,9325.51
TXN-004510,2026-03-24,Client_1005,Subscription,success,2660.34
TXN-004511,2026-02-09,Client_1008,Subscription,success,2956.88
TXN-004512,2026-04-11,Client_1006,Bank Transfer,success,6047.74
TXN-004513,2026-02-11,Client_1003,E-commerce,success,8196.03
TXN-004514,2026-03-10,Client_1004,Bank Transfer,success,8321.32
TXN-004515,2026-01-18,Client_1005,Bank Transfer,success,2259.8
TXN-004516,2026-01-22,Client_1010,E-commerce,success,2566.45
TXN-004517,2026-01-17,Client_1003,E-commerce,failed,773.1
TXN-004518,2026-04-02,Client_1008,Bills Payment,failed,6436.92
TXN-004519,2026-03-23,Client_1008,Subscription,success,7746.77
TXN-004520,2026-03-10,Client_1009,Bills Payment,success,5601.28
TXN-004521,2026-04-02,Client_1006,Retail,success,1891.35
TXN-004522,2026-03-27,Client_1005,Bills Payment,success,3528.13
TXN-004523,2026-04-02,Client_1006,E-commerce,success,9777.23
TXN-004524,2026-02-11,Client_1008,Bank Transfer,success,4541.4
TXN-004525,2026-01-08,Client_1006,E-commerce,success,6403.65
TXN-004526,2026-02-16,Client_1005,Retail,success,4537.54
TXN-004527,2026-02-09,Client_1005,Subscription,success,3724.6
TXN-004528,2026-01-28,Client_1006,Bills Payment,success,8751.07
TXN-004529,2026-04-04,Client_1005,E-commerce,success,8456.63
TXN-004530,2026-01-16,Client_1006,Retail,success,8077.2
TXN-004531,2026-03-15,Client_1008,Bills Payment,success,8489.31
TXN-004532,2026-03-19,Client_1004,E-commerce,success,4934.47
TXN-004533,2026-03-10,Client_1001,Bills Payment,success,5345.53
TXN-004534,2026-02-23,Client_1002,E-commerce,success,2472.49
TXN-004535,2026-03-24,Client_1009,Retail,refunded,4328.53
TXN-004536,2026-01-05,Client_1009,Subscription,success,8907.28
TXN-004537,2026-04-14,Client_1009,E-commerce,success,1823.47
TXN-004538,2026-03-11,Client_1008,Bills Payment,success,8289.38
TXN-004539,2026-02-25,Client_1003,Bank Transfer,success,3203.26
TXN-004540,2026-01-16,Client_1008,Bank Transfer,success,8334.15
TXN-004541,2026-01-28,Client_1006,Bills Payment,success,8077.19
TXN-004542,2026-03-07,Client_1001,E-commerce,success,8648.42
TXN-004543,2026-02-15,Client_1007,Subscription,success,2864.24
TXN-004544,2026-02-18,Client_1008,E-commerce,success,4482.66
TXN-004545,2026-02-18,Client_1003,Retail,success,5929.62
TXN-004546,2026-01-09,Client_1005,Bills Payment,success,4020.93
TXN-004547,2026-03-17,Client_1010,Retail,success,3823.1
TXN-004548,2026-04-12,Client_1007,Bank Transfer,refunded,3480.4
TXN-004549,2026-03-20,Client_1010,Retail,success,387.03
TXN-004550,2026-01-05,Client_1002,E-commerce,success,5585.63
TXN-004551,2026-03-03,Client_1004,Retail,success,9068.62
TXN-004552,2026-04-17,Client_1006,Bills Payment,success,941.35
TXN-004553,2026-03-18,Client_1007,Retail,success,2946.15
TXN-004554,2026-03-25,Client_1005,Subscription,success,9385.04
TXN-004555,2026-04-10,Client_1009,Bank Transfer,success,9397.71
TXN-004556,2026-04-18,Client_1010,Subscription,success,4436.6
TXN-004557,2026-03-13,Client_1006,Subscription,success,7128.79
TXN-004558,2026-02-14,Client_1009,Bills Payment,failed,7444.78
TXN-004559,2026-04-18,Client_1010,E-commerce,success,807.43
TXN-004560,2026-04-06,Client_1010,Subscription,success,6131.11
TXN-004561,2026-04-25,Client_1002,Bills Payment,success,5450.43
TXN-004562,2026-03-23,Client_1010,Subscription,failed,4675.01
TXN-004563,2026-04-29,Client_1006,Retail,success,9167.45
TXN-004564,2026-02-03,Client_1006,E-commerce,success,7968.57
TXN-004565,2026-01-27,Client_1007,Subscription,success,1682.77
TXN-004566,2026-02-20,Client_1009,E-commerce,success,7288.58
TXN-004567,2026-03-23,Client_1001,Bills Payment,success,3483.02
TXN-004568,2026-02-25,Client_1009,E-commerce,success,5823.41
TXN-004569,2026-03-20,Client_1008,Retail,success,9458.07
TXN-004570,2026-02-13,Client_1010,E-commerce,failed,324.37
TXN-004571,2026-04-12,Client_1010,Retail,success,1752.55
TXN-004572,2026-01-14,Client_1008,Subscription,success,3767.02
TXN-004573,2026-01-19,Client_1009,Subscription,failed,5893.49
TXN-004574,2026-01-29,Client_1006,E-commerce,success,6604.23
TXN-004575,2026-04-06,Client_1009,Retail,success,7569.99
TXN-004576,2026-03-01,Client_1001,Bank Transfer,success,6766.01
TXN-004577,2026-01-03,Client_1002,E-commerce,success,7893.92
TXN-004578,2026-01-11,Client_1001,Bills Payment,failed,5373.12
TXN-004579,2026-04-20,Client_1010,Subscription,success,6498.55
TXN-004580,2026-02-10,Client_1006,E-commerce,success,4323.26
TXN-004581,2026-03-15,Client_1001,Retail,success,5396.61
TXN-004582,2026-01-13,Client_1009,E-commerce,success,3344.63
TXN-004583,2026-04-23,Client_1003,Bank Transfer,success,4664.28
TXN-004584,2026-02-21,Client_1002,Bank Transfer,failed,7971.24
TXN-004585,2026-03-09,Client_1008,Bills Payment,success,4080.36
TXN-004586,2026-04-28,Client_1008,E-commerce,success,3551.92
TXN-004587,2026-04-03,Client_1010,Subscription,success,2168.96
TXN-004588,2026-01-31,Client_1010,E-commerce,success,6303.65
TXN-004589,2026-03-11,Client_1006,Subscription,success,6365.4
TXN-004590,2026-02-07,Client_1008,Bills Payment,success,3409.69
TXN-004591,2026-02-19,Client_1007,Bills Payment,success,5724.19
TXN-004592,2026-02-15,Client_1006,E-commerce,success,2972.76
TXN-004593,2026-02-20,Client_1010,E-commerce,success,8399.36
TXN-004594,2026-04-27,Client_1004,Subscription,success,4623.66
TXN-004595,2026-04-20,Client_1003,Retail,success,9968.01
TXN-004596,2026-03-25,Client_1007,Subscription,success,9149.71
TXN-004597,2026-02-07,Client_1003,Retail,success,8091.66
TXN-004598,2026-02-02,Client_1002,Subscription,success,8943.68
TXN-004599,2026-03-21,Client_1008,Bank Transfer,success,2126.9
TXN-004600,2026-03-10,Client_1005,Subscription,success,524.25
TXN-004601,2026-02-17,Client_1002,E-commerce,success,5646.14
TXN-004602,2026-01-01,Client_1003,Subscription,refunded,181.9
TXN-004603,2026-01-19,Client_1008,Subscription,success,1429.78
TXN-004604,2026-04-20,Client_1009,E-commerce,success,2665.71
TXN-004605,2026-02-04,Client_1008,E-commerce,success,5832.21
TXN-004606,2026-03-17,Client_1006,Bills Payment,failed,5795.91
TXN-004607,2026-03-15,Client_1001,Subscription,success,2675.26
TXN-004608,2026-04-07,Client_1010,E-commerce,success,1814.02
TXN-004609,2026-03-10,Client_1005,Retail,success,7676.08
TXN-004610,2026-04-22,Client_1006,Bank Transfer,success,7098.43
TXN-004611,2026-04-17,Client_1006,Retail,success,4591.38
TXN-004612,2026-04-19,Client_1008,E-commerce,success,8893.83
TXN-004613,2026-01-03,Client_1007,Retail,failed,9852.68
TXN-004614,2026-04-11,Client_1002,Subscription,success,8225.53
TXN-004615,2026-04-10,Client_1001,Bills Payment,success,2161.82
TXN-004616,2026-03-06,Client_1009,E-commerce,success,2134.91
TXN-004617,2026-03-02,Client_1008,Bank Transfer,refunded,2302.2
TXN-004618,2026-01-30,Client_1004,Subscription,success,4801.47
TXN-004619,2026-01-02,Client_1005,E-commerce,success,183.44
TXN-004620,2026-01-02,Client_1010,E-commerce,failed,3556.16
TXN-004621,2026-03-07,Client_1007,E-commerce,success,1364.39
TXN-004622,2026-01-18,Client_1006,Bank Transfer,success,9701.9
TXN-004623,2026-04-29,Client_1005,E-commerce,success,1786.82
TXN-004624,2026-04-22,Client_1004,E-commerce,success,7269.2
TXN-004625,2026-02-15,Client_1008,Subscription,success,2758.46
TXN-004626,2026-02-05,Client_1002,E-commerce,success,6932.4
TXN-004627,2026-03-30,Client_1010,Bank Transfer,success,2229.41
TXN-004628,2026-02-04,Client_1006,Bills Payment,success,6468.14
TXN-004629,2026-01-08,Client_1010,Subscription,success,3164.71
TXN-004630,2026-03-23,Client_1003,Bills Payment,success,5485.46
TXN-004631,2026-03-01,Client_1001,Retail,success,5624.41
TXN-004632,2026-01-20,Client_1007,Bank Transfer,success,5785.93
TXN-004633,2026-01-27,Client_1003,Bills Payment,success,9919.37
TXN-004634,2026-04-18,Client_1005,Bills Payment,success,238.49
TXN-004635,2026-04-17,Client_1004,Bills Payment,success,1168.03
TXN-004636,2026-04-17,Client_1010,E-commerce,success,3124.24
TXN-004637,2026-03-09,Client_1007,E-commerce,success,2229.61
TXN-004638,2026-03-02,Client_1001,Bills Payment,success,4541.64
TXN-004639,2026-03-25,Client_1003,E-commerce,failed,1599.32
TXN-004640,2026-01-05,Client_1001,Retail,success,7944.98
TXN-004641,2026-02-20,Client_1007,Bills Payment,success,3667.87
TXN-004642,2026-02-22,Client_1009,Retail,success,3455.75
TXN-004643,2026-03-02,Client_1010,Bank Transfer,success,1048.22
TXN-004644,2026-02-01,Client_1003,Bank Transfer,failed,5674.55
TXN-004645,2026-01-02,Client_1001,Subscription,success,4668.64
TXN-004646,2026-01-25,Client_1001,Subscription,success,1025.89
TXN-004647,2026-01-27,Client_1009,Subscription,success,7458.12
TXN-004648,2026-03-02,Client_1002,Subscription,success,1937.81
TXN-004649,2026-01-04,Client_1005,Bank Transfer,success,7128.46
TXN-004650,2026-02-05,Client_1007,E-commerce,refunded,1198.5
TXN-004651,2026-01-22,Client_1009,E-commerce,success,162.26
TXN-004652,2026-02-02,Client_1005,Bills Payment,success,9834.18
TXN-004653,2026-01-19,Client_1004,Bank Transfer,success,7886.53
TXN-004654,2026-04-26,Client_1003,Bills Payment,success,1019.15
TXN-004655,2026-02-20,Client_1001,Bills Payment,success,2225.27
TXN-004656,2026-03-17,Client_1005,E-commerce,success,7352.43
TXN-004657,2026-04-30,Client_1001,Retail,success,7444.89
TXN-004658,2026-02-27,Client_1008,Bills Payment,success,323.78
TXN-004659,2026-03-28,Client_1003,Subscription,success,3595.91
TXN-004660,2026-01-13,Client_1004,Bills Payment,success,881.14
TXN-004661,2026-03-01,Client_1010,Bank Transfer,success,338.65
TXN-004662,2026-03-28,Client_1003,Bank Transfer,failed,8288.9
TXN-004663,2026-02-15,Client_1010,Retail,success,3884.42
TXN-004664,2026-01-17,Client_1002,E-commerce,success,1193.36
TXN-004665,2026-04-30,Client_1009,Retail,failed,1000.1
TXN-004666,2026-04-14,Client_1007,Retail,failed,9934.34
TXN-004667,2026-03-31,Client_1005,Retail,success,8860.47
TXN-004668,2026-02-02,Client_1008,Retail,success,8800.2
TXN-004669,2026-03-07,Client_1007,Bills Payment,success,3855.75
TXN-004670,2026-01-08,Client_1001,Retail,success,3188.42
TXN-004671,2026-02-03,Client_1001,Retail,success,4439.39
TXN-004672,2026-03-26,Client_1009,E-commerce,refunded,1184.4
TXN-004673,2026-01-05,Client_1008,Bank Transfer,success,5715.81
TXN-004674,2026-01-11,Client_1007,Bank Transfer,success,4096.27
TXN-004675,2026-04-05,Client_1009,Bills Payment,success,9623.28
TXN-004676,2026-03-22,Client_1003,Bills Payment,success,9798.51
TXN-004677,2026-02-05,Client_1009,Bank Transfer,success,2777.15
TXN-004678,2026-01-06,Client_1009,Bills Payment,success,5783.43
TXN-004679,2026-03-09,Client_1007,Bank Transfer,success,1956.17
TXN-004680,2026-04-02,Client_1001,Bills Payment,success,1748.35
TXN-004681,2026-04-06,Client_1008,Bills Payment,success,3656.87
TXN-004682,2026-02-12,Client_1001,Bills Payment,success,119.59
TXN-004683,2026-01-03,Client_1001,Retail,success,2561.8
TXN-004684,2026-02-07,Client_1007,Subscription,success,1201.18
TXN-004685,2026-01-01,Client_1001,Retail,success,7704.37
TXN-004686,2026-03-14,Client_1002,E-commerce,success,4121.32
TXN-004687,2026-01-01,Client_1001,Retail,failed,8518.91
TXN-004688,2026-02-19,Client_1010,Bills Payment,success,1474.75
TXN-004689,2026-03-05,Client_1004,Subscription,success,5861.53
TXN-004690,2026-03-10,Client_1010,Subscription,success,6215.98
TXN-004691,2026-02-19,Client_1001,Retail,success,3434.7
TXN-004692,2026-03-11,Client_1002,Retail,success,9999.75
TXN-004693,2026-02-19,Client_1004,E-commerce,success,9221.46
TXN-004694,2026-04-15,Client_1010,Retail,success,2269.27
TXN-004695,2026-02-25,Client_1002,E-commerce,success,2518.75
TXN-004696,2026-02-27,Client_1002,E-commerce,success,943.11
TXN-004697,2026-01-12,Client_1010,Retail,success,6973.6
TXN-004698,2026-02-12,Client_1009,Bills Payment,success,9632.24
TXN-004699,2026-02-09,Client_1003,E-commerce,success,2671.76
TXN-004700,2026-04-19,Client_1001,E-commerce,success,3307.03
TXN-004701,2026-01-31,Client_1005,Subscription,success,4520.13
TXN-004702,2026-02-18,Client_1010,Retail,success,2905.5
TXN-004703,2026-04-24,Client_1005,Subscription,success,1567.87
TXN-004704,2026-01-07,Client_1002,E-commerce,success,2743.27
TXN-004705,2026-03-24,Client_1001,Bills Payment,success,5436.84
TXN-004706,2026-01-12,Client_1009,Bills Payment,failed,6560.92
TXN-004707,2026-03-07,Client_1008,Retail,failed,2960.96
TXN-004708,2026-01-01,Client_1003,Subscription,success,5355.7
TXN-004709,2026-03-06,Client_1002,Subscription,success,3315.14
TXN-004710,2026-01-18,Client_1008,Bills Payment,success,3649.26
TXN-004711,2026-01-25,Client_1007,Bank Transfer,success,9312.47
TXN-004712,2026-02-14,Client_1008,E-commerce,success,963.18
TXN-004713,2026-03-21,Client_1002,Retail,failed,5561.44
TXN-004714,2026-02-12,Client_1002,Retail,success,4244.86
TXN-004715,2026-01-09,Client_1003,Bank Transfer,success,277.2
TXN-004716,2026-03-27,Client_1007,E-commerce,failed,702.24
TXN-004717,2026-03-19,Client_1003,Bills Payment,success,4322.06
TXN-004718,2026-01-04,Client_1001,E-commerce,success,2498.8
TXN-004719,2026-01-19,Client_1008,E-commerce,success,7261.72
TXN-004720,2026-04-06,Client_1003,Bills Payment,refunded,1358.81
TXN-004721,2026-04-05,Client_1007,E-commerce,success,1338.43
TXN-004722,2026-03-25,Client_1005,Retail,success,214.13
TXN-004723,2026-04-05,Client_1007,Subscription,success,2321.44
TXN-004724,2026-04-15,Client_1005,Bank Transfer,success,555.43
TXN-004725,2026-04-23,Client_1005,Bills Payment,failed,9786.85
TXN-004726,2026-02-23,Client_1004,Bank Transfer,success,9667.29
TXN-004727,2026-01-14,Client_1010,E-commerce,success,167.75
TXN-004728,2026-03-05,Client_1004,Bank Transfer,success,1574.12
TXN-004729,2026-01-31,Client_1006,Retail,refunded,922.43
TXN-004730,2026-02-22,Client_1009,Bills Payment,success,3246.72
TXN-004731,2026-01-13,Client_1003,Subscription,success,1914.4
TXN-004732,2026-02-27,Client_1001,Retail,success,4241.22
TXN-004733,2026-04-14,Client_1007,Bank Transfer,failed,7853.4
TXN-004734,2026-01-20,Client_1003,Bank Transfer,refunded,9568.29
TXN-004735,2026-03-21,Client_1008,Subscription,success,4475.78
TXN-004736,2026-04-20,Client_1005,Retail,success,4724.11
TXN-004737,2026-01-11,Client_1003,Retail,success,2156.17
TXN-004738,2026-01-02,Client_1001,Subscription,refunded,1177.65
TXN-004739,2026-03-07,Client_1005,Retail,success,9934.88
TXN-004740,2026-01-19,Client_1003,Bills Payment,success,2791.56
TXN-004741,2026-01-27,Client_1005,E-commerce,success,4250.83
TXN-004742,2026-04-05,Client_1007,Retail,success,1193.58
TXN-004743,2026-01-12,Client_1006,Subscription,success,6085.55
TXN-004744,2026-04-07,Client_1006,Bills Payment,success,5790.84
TXN-004745,2026-01-23,Client_1001,Subscription,success,2836.48
TXN-004746,2026-02-06,Client_1002,E-commerce,success,7131.55
TXN-004747,2026-03-05,Client_1004,Retail,success,5358.84
TXN-004748,2026-03-01,Client_1004,E-commerce,success,4347.44
TXN-004749,2026-02-09,Client_1004,Bank Transfer,success,7910.65
TXN-004750,2026-03-06,Client_1009,Bills Payment,success,5329.53
TXN-004751,2026-02-05,Client_1010,Subscription,success,9931.42
TXN-004752,2026-02-21,Client_1005,E-commerce,success,1073.56
TXN-004753,2026-01-13,Client_1001,Bills Payment,success,8170.26
TXN-004754,2026-02-17,Client_1005,Bills Payment,success,2861.76
TXN-004755,2026-04-13,Client_1003,Bills Payment,success,1272.79
TXN-004756,2026-02-21,Client_1001,Bank Transfer,success,9515.51
TXN-004757,2026-02-24,Client_1001,Bills Payment,success,1094.75
TXN-004758,2026-04-04,Client_1009,Subscription,success,678.7
TXN-004759,2026-01-21,Client_1001,Bills Payment,success,4522.55
TXN-004760,2026-04-16,Client_1010,Retail,success,9583.87
TXN-004761,2026-01-11,Client_1002,Bank Transfer,success,230.74
TXN-004762,2026-02-08,Client_1008,E-commerce,success,7527.1
TXN-004763,2026-03-05,Client_1002,Retail,success,7643.08
TXN-004764,2026-03-13,Client_1007,E-commerce,success,1139.13
TXN-004765,2026-03-22,Client_1007,Bills Payment,success,9405.08
TXN-004766,2026-03-29,Client_1010,E-commerce,success,2657.87
TXN-004767,2026-03-16,Client_1005,Subscription,success,3353.7
TXN-004768,2026-02-16,Client_1001,E-commerce,success,9586.22
TXN-004769,2026-02-13,Client_1004,Bank Transfer,success,7091.07
TXN-004770,2026-01-03,Client_1008,Bills Payment,success,6792.36
TXN-004771,2026-04-18,Client_1008,Retail,success,4769.57
TXN-004772,2026-04-10,Client_1008,Retail,success,7179.08
TXN-004773,2026-03-01,Client_1002,Subscription,success,372.15
TXN-004774,2026-03-30,Client_1009,E-commerce,success,4752.82
TXN-004775,2026-04-17,Client_1003,Bills Payment,failed,6800.78
TXN-004776,2026-04-23,Client_1010,Subscription,success,4955.06
TXN-004777,2026-01-16,Client_1009,Bills Payment,success,8391.26
TXN-004778,2026-01-06,Client_1008,Subscription,success,1149.82
TXN-004779,2026-04-26,Client_1001,Bills Payment,success,5515.6
TXN-004780,2026-03-28,Client_1009,Bank Transfer,success,4708.67
TXN-004781,2026-03-06,Client_1001,E-commerce,success,2643.24
TXN-004782,2026-04-22,Client_1005,Bills Payment,success,1436.04
TXN-004783,2026-04-23,Client_1007,Bills Payment,success,8259.98
TXN-004784,2026-02-20,Client_1010,E-commerce,success,3906.07
TXN-004785,2026-03-27,Client_1007,Retail,success,4613.34
TXN-004786,2026-02-20,Client_1008,E-commerce,success,4480.59
TXN-004787,2026-03-29,Client_1006,E-commerce,success,6931.93
TXN-004788,2026-02-01,Client_1010,Bank Transfer,success,9402.07
TXN-004789,2026-01-19,Client_1002,Bank Transfer,success,1242.86
TXN-004790,2026-02-22,Client_1005,Bills Payment,success,143.68
TXN-004791,2026-04-29,Client_1001,Bills Payment,success,559.56
TXN-004792,2026-04-15,Client_1009,Bank Transfer,failed,1649.75
TXN-004793,2026-04-19,Client_1004,E-commerce,success,8670.46
TXN-004794,2026-03-15,Client_1003,Bank Transfer,success,2999.07
TXN-004795,2026-01-09,Client_1004,E-commerce,success,9137.46
TXN-004796,2026-04-05,Client_1007,Retail,success,838.48
TXN-004797,2026-01-02,Client_1006,Bills Payment,success,1099.25
TXN-004798,2026-04-27,Client_1002,Subscription,success,3710.81
TXN-004799,2026-04-14,Client_1009,Subscription,success,4102.37
TXN-004800,2026-04-12,Client_1004,Bills Payment,success,9363.61
TXN-004801,2026-04-21,Client_1006,Bills Payment,success,998.08
TXN-004802,2026-01-01,Client_1006,E-commerce,success,8816.6
TXN-004803,2026-02-05,Client_1008,Subscription,success,9936.89
TXN-004804,2026-03-04,Client_1009,Retail,success,8569.68
TXN-004805,2026-01-16,Client_1006,Subscription,success,3435.9
TXN-004806,2026-04-06,Client_1002,Bills Payment,success,855.96
TXN-004807,2026-02-27,Client_1008,Bank Transfer,success,1426.47
TXN-004808,2026-03-17,Client_1006,Retail,success,1074.78
TXN-004809,2026-02-16,Client_1005,Bills Payment,success,9394.99
TXN-004810,2026-01-06,Client_1010,Subscription,success,7370.08
TXN-004811,2026-01-03,Client_1003,Bank Transfer,success,4407.8
TXN-004812,2026-04-05,Client_1006,Bank Transfer,success,4679.5
TXN-004813,2026-01-19,Client_1001,Bank Transfer,success,1107.28
TXN-004814,2026-02-28,Client_1004,E-commerce,success,4692.07
TXN-004815,2026-02-16,Client_1007,Bank Transfer,success,4858.78
TXN-004816,2026-03-24,Client_1004,Subscription,success,705.89
TXN-004817,2026-01-13,Client_1008,Bank Transfer,success,2359.88
TXN-004818,2026-01-03,Client_1003,Subscription,success,821.67
TXN-004819,2026-02-08,Client_1009,Bank Transfer,success,6750.02
TXN-004820,2026-02-19,Client_1001,Bills Payment,success,3390.07
TXN-004821,2026-04-09,Client_1007,Retail,success,1560.26
TXN-004822,2026-02-27,Client_1003,Retail,success,3072.55
TXN-004823,2026-01-06,Client_1008,Subscription,success,1447.46
TXN-004824,2026-02-27,Client_1007,Bills Payment,success,9461.39
TXN-004825,2026-04-21,Client_1004,Bank Transfer,success,5530.05
TXN-004826,2026-04-28,Client_1007,Subscription,success,1469.8
TXN-004827,2026-03-19,Client_1003,Bills Payment,failed,4369.25
TXN-004828,2026-03-06,Client_1008,Retail,success,8969.62
TXN-004829,2026-03-30,Client_1001,Bank Transfer,success,9367.65
TXN-004830,2026-02-20,Client_1010,Bills Payment,success,6969.82
TXN-004831,2026-04-10,Client_1006,Bills Payment,success,3533.85
TXN-004832,2026-01-04,Client_1009,Retail,success,4795.23
TXN-004833,2026-03-15,Client_1007,E-commerce,failed,3340.98
TXN-004834,2026-04-20,Client_1008,Subscription,failed,7787.47
TXN-004835,2026-02-10,Client_1004,Bank Transfer,success,671.95
TXN-004836,2026-03-02,Client_1009,Retail,failed,5048.13
TXN-004837,2026-02-13,Client_1006,Bank Transfer,success,8520.33
TXN-004838,2026-03-17,Client_1001,Bills Payment,success,5316.99
TXN-004839,2026-01-19,Client_1003,Subscription,success,4084.17
TXN-004840,2026-04-18,Client_1003,Subscription,success,1884.6
TXN-004841,2026-04-01,Client_1003,Bills Payment,failed,1557.53
TXN-004842,2026-01-14,Client_1002,E-commerce,success,8318.31
TXN-004843,2026-03-25,Client_1008,Subscription,success,9690.25
TXN-004844,2026-01-14,Client_1007,Bills Payment,success,3015.83
TXN-004845,2026-03-20,Client_1009,Bank Transfer,success,2755.23
TXN-004846,2026-03-12,Client_1007,Retail,success,420.58
TXN-004847,2026-01-23,Client_1002,Subscription,failed,177.85
TXN-004848,2026-03-16,Client_1003,Bills Payment,success,1883.81
TXN-004849,2026-02-22,Client_1010,Retail,success,9969.15
TXN-004850,2026-04-24,Client_1005,Bills Payment,success,2759.51
TXN-004851,2026-04-17,Client_1002,E-commerce,success,350.21
TXN-004852,2026-01-10,Client_1008,Subscription,failed,7618.78
TXN-004853,2026-04-28,Client_1004,E-commerce,success,2020.78
TXN-004854,2026-04-24,Client_1001,Bank Transfer,success,9419.49
TXN-004855,2026-02-07,Client_1010,Bills Payment,success,4191.36
TXN-004856,2026-02-28,Client_1003,Bank Transfer,failed,3829.68
TXN-004857,2026-01-29,Client_1002,Subscription,success,2858.51
TXN-004858,2026-02-26,Client_1007,Bills Payment,failed,152.76
TXN-004859,2026-01-29,Client_1010,E-commerce,success,7586.7
TXN-004860,2026-02-11,Client_1005,E-commerce,success,3562.96
TXN-004861,2026-04-04,Client_1010,Retail,success,7018.92
TXN-004862,2026-01-29,Client_1010,Bills Payment,success,7037.07
TXN-004863,2026-04-08,Client_1008,Bills Payment,success,961.37
TXN-004864,2026-04-25,Client_1010,E-commerce,success,2299.87
TXN-004865,2026-03-25,Client_1001,Bank Transfer,refunded,5675.8
TXN-004866,2026-02-24,Client_1001,Bills Payment,success,7213.41
TXN-004867,2026-02-27,Client_1007,Bank Transfer,success,4590.81
TXN-004868,2026-01-22,Client_1009,Bank Transfer,success,2133.55
TXN-004869,2026-03-04,Client_1005,Retail,success,5905.2
TXN-004870,2026-01-03,Client_1008,E-commerce,success,5506.7
TXN-004871,2026-02-08,Client_1001,Subscription,success,9937.8
TXN-004872,2026-04-07,Client_1007,E-commerce,success,5501.84
TXN-004873,2026-03-27,Client_1002,Retail,failed,8459.98
TXN-004874,2026-03-18,Client_1001,Bills Payment,success,869.77
TXN-004875,2026-02-17,Client_1005,Bills Payment,success,2866.98
TXN-004876,2026-03-11,Client_1010,E-commerce,success,1816.19
TXN-004877,2026-01-21,Client_1006,Bills Payment,success,1815.8
TXN-004878,2026-01-22,Client_1004,Bank Transfer,success,1624.25
TXN-004879,2026-02-17,Client_1006,Bank Transfer,success,687.86
TXN-004880,2026-03-21,Client_1004,Bank Transfer,success,7982.52
TXN-004881,2026-03-29,Client_1001,Bills Payment,success,5850.86
TXN-004882,2026-04-15,Client_1009,Retail,success,7855.34
TXN-004883,2026-03-21,Client_1004,Bills Payment,success,1705.79
TXN-004884,2026-04-19,Client_1004,Subscription,failed,5961.75
TXN-004885,2026-01-17,Client_1001,Retail,success,5686.87
TXN-004886,2026-04-05,Client_1009,Bills Payment,success,8333.37
TXN-004887,2026-04-11,Client_1005,Bank Transfer,success,8809.07
TXN-004888,2026-01-08,Client_1008,Bank Transfer,success,3988.94
TXN-004889,2026-04-27,Client_1010,Retail,success,9518.65
TXN-004890,2026-01-16,Client_1003,Bills Payment,refunded,4074.74
TXN-004891,2026-01-10,Client_1008,Subscription,success,3779.78
TXN-004892,2026-01-21,Client_1002,E-commerce,success,5993.45
TXN-004893,2026-04-21,Client_1005,E-commerce,success,9026.7
TXN-004894,2026-02-13,Client_1010,E-commerce,success,1890.03
TXN-004895,2026-02-27,Client_1002,Bills Payment,success,3786.53
TXN-004896,2026-04-03,Client_1007,Bills Payment,failed,8564.21
TXN-004897,2026-02-05,Client_1008,Bank Transfer,success,8545.17
TXN-004898,2026-03-22,Client_1007,Bank Transfer,success,8983.26
TXN-004899,2026-01-19,Client_1001,Retail,success,4540.83
TXN-004900,2026-04-09,Client_1004,E-commerce,success,5971.61
TXN-004901,2026-03-26,Client_1009,Bank Transfer,success,1460.54
TXN-004902,2026-01-08,Client_1004,Bills Payment,success,721.67
TXN-004903,2026-03-30,Client_1004,Bank Transfer,success,3246.17
TXN-004904,2026-02-04,Client_1004,Bills Payment,success,6434.49
TXN-004905,2026-02-08,Client_1004,E-commerce,success,4472.0
TXN-004906,2026-04-28,Client_1010,Subscription,success,2683.19
TXN-004907,2026-03-19,Client_1003,Bank Transfer,success,2588.11
TXN-004908,2026-01-17,Client_1003,E-commerce,success,2439.04
TXN-004909,2026-04-15,Client_1005,Bank Transfer,success,5443.04
TXN-004910,2026-01-15,Client_1010,Bills Payment,success,9694.36
TXN-004911,2026-02-08,Client_1009,Subscription,success,4371.08
TXN-004912,2026-03-23,Client_1007,Retail,success,2168.8
TXN-004913,2026-01-31,Client_1003,Retail,success,5626.08
TXN-004914,2026-02-15,Client_1002,Bank Transfer,success,9433.28
TXN-004915,2026-01-22,Client_1006,Subscription,success,6688.57
TXN-004916,2026-02-25,Client_1005,E-commerce,failed,3402.08
TXN-004917,2026-03-06,Client_1006,Retail,success,8312.47
TXN-004918,2026-03-11,Client_1003,Bank Transfer,success,7134.95
TXN-004919,2026-03-03,Client_1003,Subscription,success,278.1
TXN-004920,2026-03-07,Client_1005,Subscription,success,6618.78
TXN-004921,2026-04-10,Client_1003,Bank Transfer,success,2245.39
TXN-004922,2026-04-10,Client_1006,Bank Transfer,success,5897.46
TXN-004923,2026-01-22,Client_1009,Bills Payment,success,8708.81
TXN-004924,2026-01-02,Client_1002,Retail,success,7320.43
TXN-004925,2026-03-26,Client_1007,Bills Payment,success,9889.68
TXN-004926,2026-02-27,Client_1003,Retail,success,5930.93
TXN-004927,2026-02-02,Client_1003,E-commerce,success,9463.06
TXN-004928,2026-04-12,Client_1003,Bills Payment,failed,963.18
TXN-004929,2026-03-14,Client_1010,Bills Payment,success,7901.8
TXN-004930,2026-03-19,Client_1007,Subscription,success,6966.88
TXN-004931,2026-01-06,Client_1003,Subscription,success,2696.53
TXN-004932,2026-04-17,Client_1006,E-commerce,refunded,3676.93
TXN-004933,2026-01-25,Client_1003,E-commerce,success,2921.9
TXN-004934,2026-01-06,Client_1001,Bills Payment,success,594.03
TXN-004935,2026-04-08,Client_1002,Retail,success,3770.28
TXN-004936,2026-01-26,Client_1009,Retail,success,1687.19
TXN-004937,2026-04-18,Client_1008,E-commerce,success,5959.67
TXN-004938,2026-02-18,Client_1001,E-commerce,success,310.55
TXN-004939,2026-03-09,Client_1003,Subscription,success,468.99
TXN-004940,2026-02-21,Client_1005,Subscription,success,6882.36
TXN-004941,2026-02-23,Client_1001,Subscription,refunded,8716.05
TXN-004942,2026-02-20,Client_1005,Bills Payment,success,7160.96
TXN-004943,2026-02-15,Client_1001,E-commerce,success,2359.86
TXN-004944,2026-01-23,Client_1004,Bank Transfer,success,4502.46
TXN-004945,2026-02-24,Client_1003,Bills Payment,success,2135.3
TXN-004946,2026-04-22,Client_1004,Subscription,success,6464.85
TXN-004947,2026-04-12,Client_1010,Bank Transfer,success,1022.22
TXN-004948,2026-02-25,Client_1005,Bills Payment,failed,7182.62
TXN-004949,2026-02-19,Client_1006,Bank Transfer,failed,2948.28
TXN-004950,2026-04-28,Client_1004,Subscription,success,4751.7
TXN-004951,2026-04-25,Client_1007,Retail,success,9515.12
TXN-004952,2026-04-25,Client_1001,Subscription,success,2163.44
TXN-004953,2026-02-02,Client_1010,Bank Transfer,success,9749.31
TXN-004954,2026-04-15,Client_1005,Subscription,success,4786.48
TXN-004955,2026-04-20,Client_1006,E-commerce,success,4469.66
TXN-004956,2026-01-12,Client_1008,Retail,success,1968.98
TXN-004957,2026-02-08,Client_1003,E-commerce,failed,2941.61
TXN-004958,2026-01-29,Client_1008,Bank Transfer,success,2746.46
TXN-004959,2026-04-09,Client_1008,Bills Payment,success,3518.97
TXN-004960,2026-04-10,Client_1006,Bills Payment,success,3948.34
TXN-004961,2026-02-02,Client_1008,Retail,success,206.72
TXN-004962,2026-02-15,Client_1005,Retail,success,2331.41
TXN-004963,2026-04-18,Client_1003,Subscription,success,510.48
TXN-004964,2026-03-30,Client_1008,Bills Payment,success,4395.35
TXN-004965,2026-04-01,Client_1005,E-commerce,success,9794.6
TXN-004966,2026-01-01,Client_1010,Bank Transfer,success,8756.53
TXN-004967,2026-03-22,Client_1006,Subscription,success,2752.38
TXN-004968,2026-01-12,Client_1007,Bank Transfer,success,7824.28
TXN-004969,2026-03-19,Client_1001,E-commerce,success,2281.71
TXN-004970,2026-03-10,Client_1002,Bank Transfer,success,594.12
TXN-004971,2026-03-04,Client_1007,E-commerce,success,4610.55
TXN-004972,2026-04-27,Client_1009,Bank Transfer,success,4624.66
TXN-004973,2026-02-20,Client_1007,E-commerce,success,4568.59
TXN-004974,2026-03-25,Client_1006,Subscription,success,4199.53
TXN-004975,2026-03-01,Client_1003,Subscription,success,4100.91
TXN-004976,2026-04-29,Client_1002,Bank Transfer,success,8834.45
TXN-004977,2026-01-12,Client_1009,Bank Transfer,success,7490.79
TXN-004978,2026-03-15,Client_1001,E-commerce,success,4806.24
TXN-004979,2026-03-31,Client_1003,Retail,success,209.82
TXN-004980,2026-03-08,Client_1005,Bank Transfer,success,4598.78
TXN-004981,2026-04-18,Client_1009,Subscription,success,9765.3
TXN-004982,2026-02-16,Client_1007,Subscription,success,9004.31
TXN-004983,2026-01-30,Client_1004,Subscription,success,4305.58
TXN-004984,2026-03-07,Client_1004,Bills Payment,success,4882.17
TXN-004985,2026-02-26,Client_1004,E-commerce,success,4762.93
TXN-004986,2026-04-12,Client_1002,Retail,failed,1912.06
TXN-004987,2026-01-24,Client_1007,Subscription,failed,4806.21
TXN-004988,2026-03-15,Client_1005,E-commerce,success,7733.86
TXN-004989,2026-02-27,Client_1009,Retail,success,2258.5
TXN-004990,2026-04-08,Client_1006,Retail,success,562.24
TXN-004991,2026-03-02,Client_1004,Retail,success,3116.33
TXN-004992,2026-04-15,Client_1003,Retail,success,8697.73
TXN-004993,2026-03-06,Client_1008,Subscription,success,8453.96
TXN-004994,2026-04-13,Client_1006,E-commerce,success,6404.33
TXN-004995,2026-03-15,Client_1003,Bills Payment,success,6975.25
TXN-004996,2026-01-08,Client_1005,Retail,success,7031.57
TXN-004997,2026-01-10,Client_1009,Subscription,success,4483.54
TXN-004998,2026-02-22,Client_1007,Bills Payment,success,705.8
TXN-004999,2026-01-09,Client_1007,Bills Payment,success,9625.36
TXN-005000,2026-04-25,Client_1001,Subscription,success,8114.89
ANOM-000001,2026-03-15,Client_1004,E-commerce,success,8929.64
ANOM-000002,2026-03-15,Client_1004,E-commerce,success,11617.7
ANOM-000003,2026-03-15,Client_1004,E-commerce,success,7880.07
ANOM-000004,2026-03-15,Client_1004,E-commerce,success,9427.79
ANOM-000005,2026-03-15,Client_1004,E-commerce,success,10257.11
ANOM-000006,2026-03-15,Client_1004,E-commerce,success,8716.43
ANOM-000007,2026-03-15,Client_1004,E-commerce,success,8279.36
ANOM-000008,2026-03-15,Client_1004,E-commerce,success,2816.2
ANOM-000009,2026-03-15,Client_1004,E-commerce,success,2239.97
ANOM-000010,2026-03-15,Client_1004,E-commerce,success,2731.82
ANOM-000011,2026-03-15,Client_1004,E-commerce,success,10685.2
ANOM-000012,2026-03-15,Client_1004,E-commerce,success,14503.74
ANOM-000013,2026-03-15,Client_1004,E-commerce,success,11657.23
ANOM-000014,2026-03-15,Client_1004,E-commerce,success,11702.92
ANOM-000015,2026-03-15,Client_1004,E-commerce,success,3884.02
ANOM-000016,2026-03-15,Client_1004,E-commerce,success,1811.34
ANOM-000017,2026-03-15,Client_1004,E-commerce,success,11194.3
ANOM-000018,2026-03-15,Client_1004,E-commerce,success,13869.8
ANOM-000019,2026-03-15,Client_1004,E-commerce,success,8241.46
ANOM-000020,2026-03-15,Client_1004,E-commerce,success,12424.2
ANOM-000021,2026-03-15,Client_1004,E-commerce,success,4965.43
ANOM-000022,2026-03-15,Client_1004,E-commerce,success,4305.01
ANOM-000023,2026-03-15,Client_1004,E-commerce,success,6375.76
ANOM-000024,2026-03-15,Client_1004,E-commerce,success,4733.08
ANOM-000025,2026-03-15,Client_1004,E-commerce,success,938.0
ANOM-000026,2026-03-15,Client_1004,E-commerce,success,10910.47
ANOM-000027,2026-03-15,Client_1004,E-commerce,success,9074.7
ANOM-000028,2026-03-15,Client_1004,E-commerce,success,10460.97
ANOM-000029,2026-03-15,Client_1004,E-commerce,success,10140.59
ANOM-000030,2026-03-15,Client_1004,E-commerce,success,14600.9
ANOM-000031,2026-03-15,Client_1004,E-commerce,success,1762.92
ANOM-000032,2026-03-15,Client_1004,E-commerce,success,11680.7
ANOM-000033,2026-03-15,Client_1004,E-commerce,success,14385.8
ANOM-000034,2026-03-15,Client_1004,E-commerce,success,4886.06
ANOM-000035,2026-03-15,Client_1004,E-commerce,success,14848.72
ANOM-000036,2026-03-15,Client_1004,E-commerce,success,9221.81
ANOM-000037,2026-03-15,Client_1004,E-commerce,success,779.53
ANOM-000038,2026-03-15,Client_1004,E-commerce,success,4593.02
ANOM-000039,2026-03-15,Client_1004,E-commerce,success,11738.77
ANOM-000040,2026-03-15,Client_1004,E-commerce,success,9352.19
ANOM-000041,2026-03-15,Client_1004,E-commerce,success,6568.93
ANOM-000042,2026-03-15,Client_1004,E-commerce,success,888.37
ANOM-000043,2026-03-15,Client_1004,E-commerce,success,6015.53
ANOM-000044,2026-03-15,Client_1004,E-commerce,success,3104.67
ANOM-000045,2026-03-15,Client_1004,E-commerce,success,9445.49
ANOM-000046,2026-03-15,Client_1004,E-commerce,success,12383.13
ANOM-000047,2026-03-15,Client_1004,E-commerce,success,6868.24
ANOM-000048,2026-03-15,Client_1004,E-commerce,success,528.88
ANOM-000049,2026-03-15,Client_1004,E-commerce,success,4247.72
ANOM-000050,2026-03-15,Client_1004,E-commerce,success,9305.24
ANOM-000051,2026-03-15,Client_1004,E-commerce,success,2854.89
ANOM-000052,2026-03-15,Client_1004,E-commerce,success,14990.42
ANOM-000053,2026-03-15,Client_1004,E-commerce,success,3864.0
ANOM-000054,2026-03-15,Client_1004,E-commerce,success,13730.71
ANOM-000055,2026-03-15,Client_1004,E-commerce,success,11266.24
ANOM-000056,2026-03-15,Client_1004,E-commerce,success,4530.07
ANOM-000057,2026-03-15,Client_1004,E-commerce,success,11902.07
ANOM-000058,2026-03-15,Client_1004,E-commerce,success,12269.98
ANOM-000059,2026-03-15,Client_1004,E-commerce,success,10611.93
ANOM-000060,2026-03-15,Client_1004,E-commerce,success,11850.75
ANOM-000061,2026-03-15,Client_1004,E-commerce,success,10559.2
ANOM-000062,2026-03-15,Client_1004,E-commerce,success,12419.38
ANOM-000063,2026-03-15,Client_1004,E-commerce,success,1592.5
ANOM-000064,2026-03-15,Client_1004,E-commerce,success,11007.85
ANOM-000065,2026-03-15,Client_1004,E-commerce,success,2118.87
ANOM-000066,2026-03-15,Client_1004,E-commerce,success,7336.4
ANOM-000067,2026-03-15,Client_1004,E-commerce,success,12970.47
ANOM-000068,2026-03-15,Client_1004,E-commerce,success,580.92
ANOM-000069,2026-03-15,Client_1004,E-commerce,success,9693.26
ANOM-000070,2026-03-15,Client_1004,E-commerce,success,14330.8
ANOM-000071,2026-03-15,Client_1004,E-commerce,success,4430.65
ANOM-000072,2026-03-15,Client_1004,E-commerce,success,3716.01
ANOM-000073,2026-03-15,Client_1004,E-commerce,success,2151.52
ANOM-000074,2026-03-15,Client_1004,E-commerce,success,13303.91
ANOM-000075,2026-03-15,Client_1004,E-commerce,success,8151.71
ANOM-000076,2026-03-15,Client_1004,E-commerce,success,13023.61
ANOM-000077,2026-03-15,Client_1004,E-commerce,success,11500.04
ANOM-000078,2026-03-15,Client_1004,E-commerce,success,13856.51
ANOM-000079,2026-03-15,Client_1004,E-commerce,success,1992.86
ANOM-000080,2026-03-15,Client_1004,E-commerce,success,9932.13
ANOM-000081,2026-03-15,Client_1004,E-commerce,success,4162.67
ANOM-000082,2026-03-15,Client_1004,E-commerce,success,11699.78
ANOM-000083,2026-03-15,Client_1004,E-commerce,success,13854.62
ANOM-000084,2026-03-15,Client_1004,E-commerce,success,10043.46
ANOM-000085,2026-03-15,Client_1004,E-commerce,success,13568.16
ANOM-000086,2026-03-15,Client_1004,E-commerce,success,9983.71
ANOM-000087,2026-03-15,Client_1004,E-commerce,success,1850.73
ANOM-000088,2026-03-15,Client_1004,E-commerce,success,521.35
ANOM-000089,2026-03-15,Client_1004,E-commerce,success,14122.49
ANOM-000090,2026-03-15,Client_1004,E-commerce,success,11733.3
ANOM-000091,2026-03-15,Client_1004,E-commerce,success,2159.35
ANOM-000092,2026-03-15,Client_1004,E-commerce,success,1288.79
ANOM-000093,2026-03-15,Client_1004,E-commerce,success,9186.62
ANOM-000094,2026-03-15,Client_1004,E-commerce,success,2763.1
ANOM-000095,2026-03-15,Client_1004,E-commerce,success,9646.76
ANOM-000096,2026-03-15,Client_1004,E-commerce,success,1116.7
ANOM-000097,2026-03-15,Client_1004,E-commerce,success,13257.61
ANOM-000098,2026-03-15,Client_1004,E-commerce,success,3452.01
ANOM-000099,2026-03-15,Client_1004,E-commerce,success,7941.07
ANOM-000100,2026-03-15,Client_1004,E-commerce,success,8321.61
ANOM-000101,2026-03-15,Client_1004,E-commerce,success,8004.93
ANOM-000102,2026-03-15,Client_1004,E-commerce,success,13524.69
ANOM-000103,2026-03-15,Client_1004,E-commerce,success,14433.63
ANOM-000104,2026-03-15,Client_1004,E-commerce,success,1451.05
ANOM-000105,2026-03-15,Client_1004,E-commerce,success,2810.34
ANOM-000106,2026-03-15,Client_1004,E-commerce,success,2678.23
ANOM-000107,2026-03-15,Client_1004,E-commerce,success,2901.26
ANOM-000108,2026-03-15,Client_1004,E-commerce,success,14215.1
ANOM-000109,2026-03-15,Client_1004,E-commerce,success,8478.88
ANOM-000110,2026-03-15,Client_1004,E-commerce,success,9943.59
ANOM-000111,2026-03-15,Client_1004,E-commerce,success,11670.72
ANOM-000112,2026-03-15,Client_1004,E-commerce,success,12577.39
ANOM-000113,2026-03-15,Client_1004,E-commerce,success,12715.49
ANOM-000114,2026-03-15,Client_1004,E-commerce,success,5230.61
ANOM-000115,2026-03-15,Client_1004,E-commerce,success,14224.63
ANOM-000116,2026-03-15,Client_1004,E-commerce,success,10077.44
ANOM-000117,2026-03-15,Client_1004,E-commerce,success,778.99
ANOM-000118,2026-03-15,Client_1004,E-commerce,success,2635.92
ANOM-000119,2026-03-15,Client_1004,E-commerce,success,7860.81
ANOM-000120,2026-03-15,Client_1004,E-commerce,success,8902.08
ANOM-000121,2026-03-15,Client_1004,E-commerce,success,5413.75
ANOM-000122,2026-03-15,Client_1004,E-commerce,success,8691.73
ANOM-000123,2026-03-15,Client_1004,E-commerce,success,9803.0
ANOM-000124,2026-03-15,Client_1004,E-commerce,success,7270.44
ANOM-000125,2026-03-15,Client_1004,E-commerce,success,4496.35
ANOM-000126,2026-03-15,Client_1004,E-commerce,success,1591.3
ANOM-000127,2026-03-15,Client_1004,E-commerce,success,8327.64
ANOM-000128,2026-03-15,Client_1004,E-commerce,success,6633.24
ANOM-000129,2026-03-15,Client_1004,E-commerce,success,9088.88
ANOM-000130,2026-03-15,Client_1004,E-commerce,success,2128.83
ANOM-000131,2026-03-15,Client_1004,E-commerce,success,9197.69
ANOM-000132,2026-03-15,Client_1004,E-commerce,success,13468.02
ANOM-000133,2026-03-15,Client_1004,E-commerce,success,12949.4
ANOM-000134,2026-03-15,Client_1004,E-commerce,success,2986.61
ANOM-000135,2026-03-15,Client_1004,E-commerce,success,7347.59
ANOM-000136,2026-03-15,Client_1004,E-commerce,success,6182.74
ANOM-000137,2026-03-15,Client_1004,E-commerce,success,725.56
ANOM-000138,2026-03-15,Client_1004,E-commerce,success,979.86
ANOM-000139,2026-03-15,Client_1004,E-commerce,success,2435.3
ANOM-000140,2026-03-15,Client_1004,E-commerce,success,742.77
ANOM-000141,2026-03-15,Client_1004,E-commerce,success,9561.06
ANOM-000142,2026-03-15,Client_1004,E-commerce,success,7116.2
ANOM-000143,2026-03-15,Client_1004,E-commerce,success,9716.24
ANOM-000144,2026-03-15,Client_1004,E-commerce,success,12164.74
ANOM-000145,2026-03-15,Client_1004,E-commerce,success,14916.85
ANOM-000146,2026-03-15,Client_1004,E-commerce,success,6608.55
ANOM-000147,2026-03-15,Client_1004,E-commerce,success,10251.51
ANOM-000148,2026-03-15,Client_1004,E-commerce,success,13294.27
ANOM-000149,2026-03-15,Client_1004,E-commerce,success,4568.86
ANOM-000150,2026-03-15,Client_1004,E-commerce,success,3665.96
